Extended_id,Nitrate as N_mean,"Nitrogen, Total Oxidised as N_mean",Nitrate as N_mean_log10,"Nitrogen, Total Oxidised as N_mean_log10"
J9_2021,0.254,0.255,-0.595166283,-0.59345982
K5_2021,2.34,2.35,0.369215857,0.371067862
J51_2021,0.004184822,0.005188684,-2.378323002,-2.284942795
G34_2021,,,,
D45_2021,0.004863617,0.005866513,-2.313040672,-2.231619974
P63_2021,5.486666667,5.5,0.739308576,0.740362689
D38_2021,0.16525,0.16625,-0.781858532,-0.779238346
R66_2021,,,,
I16_2021,0.249,0.25,-0.603800653,-0.602059991
P53_2021,0.0175,0.02,-1.756961951,-1.698970004
Q44_2021,0.559,0.56,-0.252588192,-0.251811973
P60_2021,0.004027233,0.005033026,-2.394993231,-2.298170852
I13_2021,9.083333333,9.1,0.958245252,0.959041392
F19_2021,0.001370001,0.00515535,-2.863279242,-2.287741806
D51_2021,0.269,0.27,-0.57024772,-0.568636236
I29_2021,,,,
T11_2021,8.01,8.075,0.903632516,0.907142531
D46_2021,,,,
H21_2021,6.9525,7.025,0.842140998,0.846646329
L39_2021,11.7,11.75,1.068185862,1.070037867
P15_2021,0.00905,0.01005,-2.043351421,-1.997833938
P45_2021,4.549,4.613333333,0.657915937,0.664014835
F45_2021,0.359,0.36,-0.444905551,-0.443697499
U21_2023,6.7775,6.825,0.831069526,0.834102656
U57_2023,0.20145,0.2025,-0.695832728,-0.693574972
U19_2023,5.332839968,5.374554349,0.726958551,0.730342459
U51_2023,2.23,2.233333333,0.348304863,0.348953548
U14_2023,10.18666667,10.26666667,1.008032095,1.011429462
U46_2023,0.556,0.56,-0.254925208,-0.251811973
U12_2023,1.996666667,2,0.300305568,0.301029996
U44_2023,5.623333333,5.733333333,0.749993828,0.758407192
U7_2023,2.220666667,2.23,0.346483374,0.348304863
U35_2023,2.653333333,2.666666667,0.423791813,0.425968732
U4_2023,5.346666667,5.366666667,0.728083109,0.729704621
U31_2023,2.010333333,2.02,0.303268074,0.305351369
U2_2023,3.856666667,3.866666667,0.586212104,0.587336735
U27_2023,6.05,6.066666667,0.781755375,0.782950133
T52_2023,1.593333333,1.6,0.202306642,0.204119983
O17_2023,1.90325,1.915,0.279495838,0.282168778
O8_2023,6.516666667,6.633333333,0.814025507,0.821731822
N61_2023,0.044,0.045333333,-1.356547324,-1.343582346
N49_2023,2.513333333,2.633333333,0.400250091,0.420505837
N39_2023,6.863333333,6.966666667,0.836535092,0.843025031
N26_2023,0.153333333,0.154333333,-0.814363423,-0.811540264
N15_2023,0.354,0.371831524,-0.450996738,-0.429653793
N2_2023,1.353333333,1.366666667,0.131404779,0.135662602
M57_2023,4.303333333,4.333333333,0.633804988,0.636822098
T10_2023,0.44125,0.445,-0.355315282,-0.351639989
O29_2023,4.435,4.45,0.646893624,0.648360011
O16_2023,2.8825,2.95,0.459769316,0.469822016
O7_2023,2.766666667,2.766666667,0.441956838,0.441956838
N59_2023,9.206666667,9.3,0.96410242,0.968482949
N46_2023,2.886666667,2.9,0.460396637,0.462397998
N37_2023,0.716,0.73,-0.145086978,-0.13667714
N25_2023,6.016666667,6.033333333,0.779355952,0.78055732
N14_2023,8.39,8.4,0.923761961,0.924279286
N1_2023,0.09535,0.09635,-1.020679303,-1.016148281
M56_2023,4.82,4.866666667,0.683047038,0.687231601
T41_2023,6.59,6.633333333,0.818885415,0.821731822
O37_2023,6.356666667,6.366666667,0.803229438,0.803912113
O28_2023,0.902,0.91,-0.044793462,-0.040958608
O15_2023,0.964,0.994554349,-0.015922966,-0.002371479
O6_2023,4.18,4.2,0.621176282,0.62324929
N45_2023,8.25,8.266666667,0.916453949,0.917330426
N36_2023,2.493333333,2.5,0.396780343,0.397940009
N22_2023,4.123333333,4.133333333,0.615248445,0.61630043
N11_2023,2.65,2.666666667,0.423245874,0.425968732
M66_2023,2.195,2.2,0.341434525,0.342422681
M54_2023,4.63,4.65,0.665580991,0.667452953
T40_2023,8.236666667,8.3,0.915751491,0.919078092
O36_2023,4.522333333,4.53,0.65536257,0.656098202
O24_2023,8.696666667,8.733333333,0.939352824,0.941180037
O14_2023,1.54,1.55,0.187520721,0.190331698
O5_2023,1.2,1.2,0.079181246,0.079181246
N56_2023,0.552333333,0.553333333,-0.257798746,-0.257013167
N44_2023,3.09,3.1,0.489958479,0.491361694
N35_2023,7.5865,7.611831524,0.880041462,0.881489167
N21_2023,1.83,1.85,0.26245109,0.267171728
N8_2023,0.123,0.124,-0.910094889,-0.906578315
M64_2023,0.413566667,0.415,-0.383454472,-0.381951903
M49_2023,3.1425,3.15,0.497275286,0.498310554
T35_2023,8.706666667,8.733333333,0.939851918,0.941180037
O35_2023,3.274,3.28,0.515078675,0.515873844
O23_2023,1.703333333,1.733333333,0.231299645,0.238882089
O13_2023,2.2,2.2,0.342422681,0.342422681
O1_2023,7.786666667,7.8,0.891351584,0.892094603
N55_2023,2.14,2.233333333,0.330413773,0.348953548
N43_2023,0.289333333,0.293333333,-0.53860153,-0.532638583
N31_2023,0.344,0.346666667,-0.463441557,-0.460087915
N20_2023,2.366666667,2.4,0.374137094,0.380211242
N7_2023,7.9925,8.025,0.902682645,0.904445041
M63_2023,8.6925,8.7,0.939144699,0.939519253
M47_2023,4.823333333,4.833333333,0.683347276,0.684246748
T34_2023,0.4265,0.4275,-0.370080964,-0.369063881
O34_2023,0.322266667,0.324666667,-0.491784613,-0.488562298
O22_2023,3.49,3.5,0.542825427,0.544068044
O12_2023,5.61,5.966666667,0.748962861,0.775731776
N64_2023,0.063,0.064,-1.200659451,-1.193820026
N54_2023,,,,
N42_2023,3.653333333,3.666666667,0.562689299,0.56427143
N30_2023,0.168666667,0.17,-0.772970738,-0.769551079
N19_2023,0.175533333,0.176666667,-0.7556404,-0.752845385
N5_2023,5.52,5.533333333,0.741939078,0.742986833
M62_2023,6.63,6.65,0.821513528,0.822821645
M46_2023,0.2665,0.2675,-0.574302787,-0.572676214
T31_2023,0.74575,0.7475,-0.127406738,-0.126388803
O33_2023,3.6,3.6,0.556302501,0.556302501
O20_2023,3.356666667,3.366666667,0.525908216,0.527200119
O11_2023,0.201509952,0.223663048,-0.695703501,-0.650405761
N63_2023,1.863333333,1.866666667,0.270290553,0.271066772
N53_2023,2.926666667,2.933333333,0.466373261,0.467361417
N41_2023,2.626666667,2.633333333,0.419404963,0.420505837
N28_2023,3.882,3.936666667,0.589055531,0.595128643
N17_2023,0.119,0.12,-0.924453039,-0.920818754
N4_2023,5.31,5.4,0.725094521,0.73239376
M60_2023,,,,
M45_2023,0.27375,0.275,-0.562645872,-0.560667306
T20_2023,,,,
O32_2023,0.218519903,0.223663048,-0.660509,-0.650405761
O19_2023,8.856666667,8.866666667,0.9472703,0.947760382
O9_2023,0.7465,0.75,-0.126970188,-0.124938737
N62_2023,0.139,0.14,-0.8569852,-0.853871964
N50_2023,1.09,1.1,0.037426498,0.041392685
N40_2023,3.36,3.4,0.526339277,0.531478917
N27_2023,1.765333333,1.84,0.246826722,0.264817823
N3_2023,4.696666667,4.7,0.671789738,0.672097858
M58_2023,0.15975,0.16075,-0.796559133,-0.793849018
M43_2023,4.6,4.6,0.662757832,0.662757832
T14_2023,3.335,3.35,0.523095838,0.525044807
O30_2023,1.12,1.2,0.049218023,0.079181246
O18_2023,2.8,2.8,0.447158031,0.447158031
M8_2023,2.913333333,2.933333333,0.464390178,0.467361417
L64_2023,0.047766667,0.051,-1.320875064,-1.292429824
L47_2023,0.1407,0.145666667,-0.851705903,-0.836639818
L32_2023,2.75,2.75,0.439332694,0.439332694
L20_2023,1.726666667,1.733333333,0.237208505,0.238882089
L9_2023,6.366666667,6.4,0.803912113,0.806179974
K48_2023,2.38,2.4,0.376576957,0.380211242
J47_2023,,,,
J31_2023,0.2259,0.23275,-0.646083769,-0.63311031
M28_2023,7.8125,7.825,0.89279003,0.893484346
M18_2023,5.24,5.275,0.719331287,0.722222464
M6_2023,0.255666667,0.256666667,-0.592325891,-0.59063053
L63_2023,3.206666667,3.233333333,0.506053817,0.50965048
L45_2023,0.775679936,0.782442032,-0.110317442,-0.106547828
L30_2023,1.54,1.55,0.187520721,0.190331698
L16_2023,2.74,2.9,0.437750563,0.462397998
L8_2023,11.7,12,1.068185862,1.079181246
K38_2023,3.025,3.025,0.480725379,0.480725379
J45_2023,4.313333333,4.333333333,0.634813022,0.636822098
J30_2023,6.8825,6.9,0.83774622,0.838849091
M40_2023,12.8,13,1.10720997,1.113943352
M27_2023,3.473333333,3.533333333,0.540746464,0.548184611
M16_2023,2.4,2.4,0.380211242,0.380211242
M5_2023,0.0118,0.014,-1.928117993,-1.853871964
L61_2023,0.359839968,0.364554349,-0.443890601,-0.438237716
L44_2023,1.684666667,1.69,0.226513983,0.227886705
L29_2023,2.223333333,2.233333333,0.347004579,0.348953548
L15_2023,2,2,0.301029996,0.301029996
L5_2023,2.12,2.133333333,0.326335861,0.329058719
K37_2023,0.71575,0.7175,-0.145238643,-0.144178095
J44_2023,0.664,0.67,-0.177831921,-0.173925197
J28_2023,8.415,8.425,0.92505412,0.92556991
M38_2023,8.8575,8.875,0.947311161,0.948168362
M26_2023,1.45,1.45,0.161368002,0.161368002
M15_2023,2.99,3,0.475671188,0.477121255
M4_2023,0.011933333,0.01335535,-1.923238228,-1.874344711
L56_2023,0.786,0.79,-0.104577454,-0.102372909
L43_2023,0.171333333,0.173333333,-0.766158136,-0.761117911
L28_2023,1.198666667,1.203333333,0.078698428,0.080385947
L14_2023,1.539,1.582666667,0.18723862,0.199389456
L2_2023,12.125,12.25,1.083681747,1.088136089
J63_2023,0.202333333,0.206666667,-0.693932564,-0.684729565
J43_2023,6.39,6.4,0.805500858,0.806179974
J27_2023,8.75,8.766666667,0.942008053,0.942834494
M36_2023,0.3216,0.323666667,-0.49268396,-0.489902025
M24_2023,2.243333333,2.266666667,0.35089381,0.355387658
M14_2023,1.322,1.366666667,0.121231455,0.135662602
M3_2023,1.2,1.2,0.079181246,0.079181246
L55_2023,3.846666667,3.866666667,0.585084554,0.587336735
L40_2023,14.5,14.5,1.161368002,1.161368002
L26_2023,1.104,1.123333333,0.042969073,0.050508646
L13_2023,3.985,4,0.600428326,0.602059991
K66_2023,0.431666667,0.44,-0.364851486,-0.356547324
J60_2023,1.3445,1.345,0.128560807,0.128722284
J42_2023,0.013,0.014,-1.886056648,-1.853871964
J25_2023,6.756666667,6.866666667,0.829732494,0.836745966
M34_2023,2.033333333,2.033333333,0.30820858,0.30820858
M23_2023,12.93333333,13,1.111710471,1.113943352
M13_2023,12.3,12.33333333,1.089905111,1.091080469
M2_2023,0.064333333,0.065333333,-1.191563946,-1.184865183
L54_2023,0.302333333,0.303333333,-0.519513968,-0.518079862
L39_2023,7.59,7.6,0.880241776,0.880813592
L25_2023,0.745666667,0.746666667,-0.127455271,-0.126873236
L12_2023,3.823333333,3.833333333,0.582442163,0.583576586
K65_2023,4.308,4.326666667,0.634275695,0.636153438
J56_2023,3.31,3.325,0.519827994,0.52179165
J36_2023,4.956666667,4.966666667,0.695189714,0.696065014
J22_2023,4.5375,4.7,0.656816638,0.672097858
M32_2023,2.43,2.433333333,0.385606274,0.386201605
M21_2023,15.29666667,15.4,1.184596803,1.187520721
M12_2023,2.306666667,2.366666667,0.36298484,0.374137094
M1_2023,2.75,2.766666667,0.439332694,0.441956838
L53_2023,0.529,0.53,-0.276544328,-0.27572413
L37_2023,0.6835,0.69,-0.165261481,-0.161150909
L24_2023,0.060466667,0.061666667,-1.218483972,-1.209949526
L11_2023,1.842,1.85,0.265289626,0.267171728
K55_2023,7.126666667,7.133333333,0.852886446,0.853292519
J54_2023,3.5175,3.525,0.546234106,0.547159121
J35_2023,4.715,4.75,0.673481697,0.67669361
J19_2023,3.5425,3.6,0.549309859,0.556302501
M31_2023,3.003333333,3.033333333,0.477603536,0.481920138
M20_2023,0.225666667,0.23,-0.646532586,-0.638272164
M11_2023,3.523333333,3.533333333,0.546953733,0.548184611
L65_2023,3.246666667,3.266666667,0.511437702,0.514104821
L50_2023,1.603333333,1.633333333,0.205023822,0.213074825
L35_2023,0.289013269,0.299108699,-0.539082218,-0.524170957
L10_2023,0.445666667,0.446666667,-0.350989847,-0.350016456
K49_2023,3.475,3.5,0.540954809,0.544068044
J48_2023,2.64,2.65,0.421603927,0.423245874
J32_2023,5.193333333,5.2,0.715446199,0.716003344
M29_2023,4.08,4.166666667,0.610660163,0.619788758
M19_2023,8.856666667,8.9,0.9472703,0.949390007
M9_2023,3.796666667,3.866666667,0.579402469,0.587336735
G41_2023,4.225,4.25,0.625826713,0.62838893
F63_2023,7.65,7.7,0.883661435,0.886490725
F38_2023,0.292333333,0.293333333,-0.534121661,-0.532638583
F9_2023,4.813333333,4.833333333,0.682445939,0.684246748
E61_2023,0.184,0.185,-0.735182177,-0.732828272
E15_2023,6.223333333,6.266666667,0.794023063,0.797036595
D39_2023,2.196666667,2.2,0.34176416,0.342422681
D8_2023,5.8875,5.925,0.76993092,0.772688355
C58_2023,3.94,3.95,0.595496222,0.596597096
I11_2023,3.02,3.033333333,0.480006943,0.481920138
H14_2023,,,,
G40_2023,0.545666667,0.546666667,-0.263072575,-0.262277407
F62_2023,10.77666667,10.93333333,1.03248445,1.038752589
F34_2023,8.723333333,8.733333333,0.940682468,0.941180037
E59_2023,16.5,16.5,1.217483944,1.217483944
E8_2023,6.313333333,6.333333333,0.80025872,0.801632346
D35_2023,3.033333333,3.033333333,0.481920138,0.481920138
D5_2023,6.565,6.575,0.81723473,0.817895757
C57_2023,3.323333333,3.333333333,0.521573904,0.522878745
J9_2023,0.668666667,0.67,-0.174790326,-0.173925197
I10_2023,8.52,8.55,0.930439595,0.931966115
H4_2023,5.776666667,5.8,0.761677308,0.763427994
G38_2023,2.06,2.066666667,0.31386722,0.315270435
F59_2023,0.8205,0.8225,-0.085921415,-0.084864093
F31_2023,4.01,4.1,0.603144373,0.612783857
E54_2023,7.936666667,8,0.899638141,0.903089987
D66_2023,1.573333333,1.666666667,0.196820744,0.22184875
D30_2023,0.108333333,0.109333333,-0.965237894,-0.961247411
C65_2023,0.255666667,0.256666667,-0.592325891,-0.59063053
C56_2023,5.796666667,5.8,0.763178327,0.763427994
J5_2023,0.021433333,0.0226,-1.668910282,-1.645891561
I9_2023,5.975,6,0.77633791,0.77815125
H1_2023,11.32,11.33333333,1.053846427,1.054357662
G16_2023,5.065,5.1,0.70457945,0.707570176
F56_2023,4.74,4.75,0.675778342,0.67669361
F25_2023,2.68,2.7,0.428134794,0.431363764
F5_2023,3.286666667,3.333333333,0.51675566,0.522878745
E42_2023,2.895,2.9,0.461648568,0.462397998
D50_2023,8.62,8.7,0.935507266,0.939519253
D22_2023,5.776666667,5.8,0.761677308,0.763427994
C64_2023,18.53333333,18.66666667,1.267953537,1.271066772
C51_2023,3.517666667,3.52,0.546254683,0.546542663
I53_2023,3.19,3.2,0.503790683,0.505149978
H52_2023,6.67,6.7,0.824125834,0.826074803
G65_2023,3,3,0.477121255,0.477121255
G10_2023,8.553333333,8.566666667,0.932135397,0.932811869
F55_2023,17.66666667,17.66666667,1.247154615,1.247154615
F24_2023,0.696,0.7,-0.15739076,-0.15490196
E66_2023,6.16,6.2,0.789580712,0.792391689
E31_2023,1.873333333,1.9,0.272615061,0.278753601
D45_2023,1.443666667,1.466666667,0.159466929,0.166331422
D21_2023,4.535,4.55,0.656577291,0.658011397
C63_2023,0.059333333,0.060333333,-1.226701252,-1.21944268
C50_2023,0.289,0.29,-0.539102157,-0.537602002
I36_2023,0.218519903,0.223663048,-0.660509,-0.650405761
H38_2023,5.086666667,5.1,0.706433279,0.707570176
G63_2023,4.7275,4.75,0.674631538,0.67669361
G6_2023,1.99,2,0.298853076,0.301029996
F53_2023,3.285,3.3,0.516535374,0.51851394
F23_2023,0.603333333,0.606666667,-0.21944268,-0.217049867
E64_2023,4.276666667,4.3,0.631105402,0.633468456
E30_2023,1.575,1.575,0.197280558,0.197280558
D44_2023,2.776666667,2.833333333,0.443523747,0.452297671
D18_2023,0.79,0.796666667,-0.102372909,-0.098723354
C62_2023,0.079666667,0.080666667,-1.098723354,-1.093305889
C49_2023,0.271666667,0.273333333,-0.565963646,-0.563307402
I26_2023,7.89,7.9,0.897077003,0.897627091
H23_2023,0.08,0.081,-1.096910013,-1.091514981
G61_2023,1.139,1.14,0.056523724,0.056904851
F66_2023,10.96,10.96666667,1.039810554,1.040074643
F46_2023,0.968,0.985,-0.014124643,-0.00656377
F18_2023,5.063333333,5.1,0.704436519,0.707570176
E63_2023,5.076666667,5.1,0.705578649,0.707570176
E29_2023,11.5,11.5,1.06069784,1.06069784
D43_2023,3.21,3.25,0.506505032,0.511883361
D16_2023,5.425,5.45,0.734399743,0.736396502
C60_2023,3.033333333,3.066666667,0.481920138,0.486666573
C48_2023,2.096666667,2.1,0.321529391,0.322219295
I21_2023,4.445,4.45,0.647871765,0.648360011
H20_2023,4.19,4.2,0.622214023,0.62324929
G57_2023,0.119,0.12,-0.924453039,-0.920818754
F65_2023,7.003333333,7.033333333,0.845304798,0.847161201
F44_2023,3.333333333,3.333333333,0.522878745,0.522878745
F11_2023,1.4,1.4,0.146128036,0.146128036
E62_2023,4.513333333,4.533333333,0.65449741,0.656417654
E19_2023,11.8,12,1.071882007,1.079181246
D40_2023,0.472333333,0.473333333,-0.325751404,-0.32483291
D10_2023,10.03,10.1,1.001300933,1.004321374
C59_2023,0.365,0.366666667,-0.437707136,-0.43572857
C47_2023,8.02,8.033333333,0.904174368,0.904895788
I19_2023,0.288,0.29,-0.540607512,-0.537602002
H19_2023,1.008,1.01,0.003460532,0.004321374
G56_2023,0.027,0.028,-1.568636236,-1.552841969
B47_2023,0.705666667,0.706666667,-0.151400397,-0.150785394
B34_2023,9.94,10,0.997386384,1
B23_2023,4.283333333,4.3,0.631781873,0.633468456
B14_2023,0.258666667,0.259666667,-0.587259533,-0.585583797
A65_2023,5.656666667,5.666666667,0.752560588,0.753327667
A52_2023,2.3,2.3,0.361727836,0.361727836
A42_2023,4.38,4.4,0.641474111,0.643452676
A29_2023,3.353333333,3.366666667,0.525476726,0.527200119
A13_2023,3.163333333,3.166666667,0.500144958,0.500602351
C24_2023,4.6,4.625,0.662757832,0.665111737
B64_2023,13.75,13.75,1.138302698,1.138302698
B44_2023,9.53,9.6,0.979092901,0.982271233
B33_2023,1.599506634,1.607887683,0.203986046,0.206255708
B22_2023,1.433333333,1.433333333,0.156347201,0.156347201
B12_2023,2.79,2.8,0.445604203,0.447158031
A64_2023,5.623333333,5.633333333,0.749993828,0.75076545
A51_2023,3.25,3.25,0.511883361,0.511883361
A40_2023,20.66666667,20.66666667,1.315270435,1.315270435
A27_2023,1.12475,1.125,0.051056002,0.051152522
A12_2023,14.95333333,15,1.174738015,1.176091259
C46_2023,2.73,2.733333333,0.436162647,0.436692598
C20_2023,4.23,4.25,0.626340367,0.62838893
B62_2023,1.733333333,1.733333333,0.238882089,0.238882089
B43_2023,1.333333333,1.333333333,0.124938737,0.124938737
B31_2023,4.445,4.45,0.647871765,0.648360011
B21_2023,0.619,0.623333333,-0.208309351,-0.205279648
B10_2023,6.53,6.533333333,0.814913181,0.815134817
A62_2023,1.123333333,1.133333333,0.050508646,0.054357662
A50_2023,10.65666667,10.7,1.027621382,1.029383778
A39_2023,0.683666667,0.686666667,-0.165155594,-0.163254034
A25_2023,4.556666667,4.566666667,0.65864726,0.659599312
A10_2023,1.796666667,1.8,0.25446751,0.255272505
C44_2023,0.495666667,0.5,-0.304810286,-0.301029996
C19_2023,1.831,1.866666667,0.262688344,0.271066772
B61_2023,2.8,2.8,0.447158031,0.447158031
B42_2023,3.516666667,3.533333333,0.546131205,0.548184611
B30_2023,7.945,7.95,0.900093902,0.900367129
B20_2023,7.9975,8,0.902954249,0.903089987
B5_2023,0.779,0.78,-0.108462542,-0.107905397
A60_2023,2,2,0.301029996,0.301029996
A49_2023,0.145666667,0.146666667,-0.836639818,-0.833668578
A38_2023,4.64,4.65,0.666517981,0.667452953
A24_2023,6.616666667,6.633333333,0.820639256,0.821731822
A9_2023,0.004027233,0.005033026,-2.394993231,-2.298170852
C41_2023,13.3,13.33333333,1.123851641,1.124938737
B59_2023,5.8625,5.9,0.768082856,0.770852012
B41_2023,0.802333333,0.803333333,-0.095645164,-0.095104212
B29_2023,0.532333333,0.533333333,-0.273816339,-0.273001272
B19_2023,10.19666667,10.2,1.008458222,1.008600172
A59_2023,9.616666667,9.633333333,0.983024563,0.983776588
A48_2023,0.433333333,0.436666667,-0.363177902,-0.359849959
A37_2023,11.74,11.83333333,1.069668097,1.073107098
A22_2023,1.726333333,1.726666667,0.237124656,0.237208505
C39_2023,1.7,1.7,0.230448921,0.230448921
C16_2023,7.9975,8,0.902954249,0.903089987
B58_2023,2.19,2.2,0.340444115,0.342422681
B39_2023,3.73,3.75,0.571708832,0.574031268
B28_2023,4.313333333,4.333333333,0.634813022,0.636822098
B18_2023,9.0925,9.2,0.95868331,0.963787827
B3_2023,0.639333333,0.643333333,-0.194272652,-0.191563946
A57_2023,12.34666667,12.36666667,1.091549723,1.092252655
A47_2023,8.076666667,8.1,0.907232159,0.908485019
A33_2023,0.827333333,0.83,-0.082319478,-0.080921908
A21_2023,5.706666667,5.733333333,0.756382506,0.758407192
A7_2023,3.75,3.75,0.574031268,0.574031268
C38_2023,0.359,0.36,-0.444905551,-0.443697499
C9_2023,10.64333333,10.66666667,1.027077664,1.028028724
B56_2023,0.959333333,0.96,-0.018030465,-0.017728767
B38_2023,4.033333333,4.033333333,0.605664116,0.605664116
B27_2023,9.723333333,9.733333333,0.987815174,0.988261597
B16_2023,0.419,0.42,-0.377785977,-0.37675071
B2_2023,1.833333333,1.833333333,0.263241435,0.263241435
A54_2023,6.305,6.35,0.799685091,0.802773725
A46_2023,3.786666667,3.8,0.578257077,0.579783597
A31_2023,4.353333333,4.366666667,0.638821922,0.640150041
A20_2023,14,14,1.146128036,1.146128036
A3_2023,4.356666667,4.366666667,0.639154333,0.640150041
C37_2023,2.16,2.2,0.334453751,0.342422681
C4_2023,4.585,4.6,0.66133934,0.662757832
B51_2023,2.796666667,2.8,0.446640706,0.447158031
B36_2023,2.7075,2.725,0.432568465,0.435366507
B26_2023,3.55,3.55,0.550228353,0.550228353
B1_2023,10.49,10.5,1.020775488,1.021189299
A53_2023,1.595,1.6,0.202760687,0.204119983
A44_2023,3.626666667,3.7,0.559507641,0.568201724
A30_2023,0.819,0.82,-0.086716098,-0.086186148
A18_2023,0.779,0.78,-0.108462542,-0.107905397
A2_2023,0.368666667,0.37,-0.433366128,-0.431798276
C36_2023,3.02,3.05,0.480006943,0.484299839
B66_2023,2.2775,2.3,0.357458386,0.361727836
F40_2022,0.239,0.24,-0.621602099,-0.619788758
F21_2022,0.221666667,0.223333333,-0.654299609,-0.651046452
F11_2022,5.916666667,5.933333333,0.772077103,0.773298748
E64_2022,1.100333333,1.116666667,0.04152427,0.047923552
E34_2022,0.535666667,0.536666667,-0.271105378,-0.270295379
E17_2022,11.32666667,11.4,1.05410212,1.056904851
E7_2022,5.086666667,5.1,0.706433279,0.707570176
D53_2022,2.675,2.675,0.427323786,0.427323786
D28_2022,0.199,0.2,-0.701146924,-0.698970004
C64_2022,0.642346602,0.649108699,-0.192230569,-0.187682571
C48_2022,3.456666667,3.466666667,0.538657502,0.539912085
F54_2022,9.6825,9.7,0.985987506,0.986771734
F38_2022,1.2185,1.24,0.085825534,0.093421685
F20_2022,0.983666667,0.996666667,-0.007152045,-0.001450066
F8_2022,10.63,10.66666667,1.026533265,1.028028724
E63_2022,0.376,0.3825,-0.424812155,-0.417368561
E29_2022,0.349,0.35,-0.457174573,-0.455931956
E15_2022,6.366666667,6.366666667,0.803912113,0.803912113
E6_2022,3.5,3.5,0.544068044,0.544068044
D47_2022,7.385,7.45,0.8683505,0.872156273
D22_2022,2.82,2.833333333,0.450249108,0.452297671
C62_2022,1.132,1.133333333,0.053846427,0.054357662
C47_2022,1.633333333,1.633333333,0.213074825,0.213074825
F50_2022,3.963333333,3.966666667,0.5980606,0.598425707
F37_2022,6.0975,6.125,0.785151809,0.787106093
F18_2022,0.385666667,0.386666667,-0.413787896,-0.412663265
F6_2022,0.302333333,0.303333333,-0.519513968,-0.518079862
E61_2022,11.26333333,11.26666667,1.051666937,1.051795446
E28_2022,0.004027233,0.005033026,-2.394993231,-2.298170852
E14_2022,10.12333333,10.13333333,1.005323537,1.005752329
E5_2022,1.112,1.113333333,0.046104787,0.046625212
D41_2022,6.94,7,0.84135947,0.84509804
D19_2022,9.5525,9.575,0.980117046,0.981138783
C59_2022,2.256666667,2.266666667,0.353467414,0.355387658
C46_2022,0.799333333,0.8,-0.097272076,-0.096910013
F49_2022,2.59,2.6,0.413299764,0.414973348
F34_2022,0.469,0.473333333,-0.328827157,-0.32483291
F16_2022,0.319,0.32,-0.496209317,-0.494850022
F5_2022,7.16,7.2,0.854913022,0.857332496
E56_2022,2.305333333,2.31,0.36273373,0.36361198
E25_2022,0.518666667,0.52,-0.285111662,-0.283996656
E13_2022,8.92,8.933333333,0.950364854,0.951013539
E4_2022,9.01,9.033333333,0.954724791,0.955848036
D38_2022,0.1165,0.1175,-0.933674075,-0.929962133
D16_2022,2.8875,2.9,0.460521993,0.462397998
C58_2022,0.485666667,0.486666667,-0.313661703,-0.312768399
C45_2022,3,3,0.477121255,0.477121255
F48_2022,1.416666667,1.433333333,0.151267675,0.156347201
F31_2022,2.59,2.6,0.413299764,0.414973348
F15_2022,10.86,10.86666667,1.035829825,1.036096345
F3_2022,0.521333333,0.523333333,-0.282884506,-0.281221602
E48_2022,1.463333333,1.466666667,0.165343266,0.166331422
E21_2022,5.66,5.7,0.752816431,0.755874856
E12_2022,10.32,10.33333333,1.013679697,1.014240439
E1_2022,2.82,2.833333333,0.450249108,0.452297671
D37_2022,3.585,3.65,0.55448916,0.562292864
D11_2022,7.3675,7.4,0.867320145,0.86923172
C52_2022,4.1,4.1,0.612783857,0.612783857
C44_2022,0.792333333,0.793333333,-0.101092073,-0.100544298
F43_2022,7.9225,7.95,0.898862248,0.900367129
F27_2022,0.624333333,0.626666667,-0.204583477,-0.202963405
F14_2022,5.3,5.333333333,0.72427587,0.726998728
F2_2022,4.856666667,4.866666667,0.686338297,0.687231601
E46_2022,0.198666667,0.199666667,-0.701874995,-0.699694432
E20_2022,5.21,5.266666667,0.716837723,0.721535832
E11_2022,13.66666667,13.66666667,1.135662602,1.135662602
D62_2022,6.425,6.425,0.807873132,0.807873132
D33_2022,1.55,1.55,0.190331698,0.190331698
D10_2022,0.312333333,0.313333333,-0.505381664,-0.503993401
C51_2022,1.244333333,1.253333333,0.094936735,0.09806659
C43_2022,0.042333333,0.043333333,-1.373317534,-1.363177902
F42_2022,6.81,6.825,0.833147112,0.834102656
F26_2022,0.359,0.36,-0.444905551,-0.443697499
F13_2022,2.916666667,2.933333333,0.464886798,0.467361417
F1_2022,8.463333333,8.5,0.927541446,0.929418926
E39_2022,5.24,5.25,0.719331287,0.720159303
E19_2022,0.172333333,0.173333333,-0.763630712,-0.761117911
E10_2022,9.056666667,9.066666667,0.956968384,0.957447649
D60_2022,0.259,0.26,-0.586700236,-0.585026652
D32_2022,6.05,6.066666667,0.781755375,0.782950133
D9_2022,0.9845,0.9875,-0.00678428,-0.005462896
C50_2022,1.956666667,1.966666667,0.291516847,0.293730757
C42_2022,0.993333333,0.996666667,-0.002904991,-0.001450066
F41_2022,7.516666667,7.533333333,0.876025291,0.876987184
F24_2022,0.405666667,0.406666667,-0.391830676,-0.390761424
F12_2022,2.065,2.075,0.314920056,0.317018101
E66_2022,2.14,2.15,0.330413773,0.33243846
E35_2022,0.031,0.032,-1.508638306,-1.494850022
E18_2022,6.116666667,6.133333333,0.786514814,0.787696568
E9_2022,2.64,2.666666667,0.421603927,0.425968732
D56_2022,4.356666667,4.366666667,0.639154333,0.640150041
D31_2022,3.5375,3.55,0.548696449,0.550228353
C65_2022,12.07333333,12.1,1.081827191,1.08278537
C49_2022,0.104,0.105,-0.982966661,-0.978810701
C41_2022,0.975,0.986666667,-0.010995384,-0.005829544
C16_2022,1.965,2,0.293362555,0.301029996
B63_2022,0.139,0.14,-0.8569852,-0.853871964
B53_2022,4.666666667,4.666666667,0.669006781,0.669006781
B43_2022,6.276666667,6.3,0.797729065,0.799340549
B29_2022,2.59,2.6,0.413299764,0.414973348
B17_2022,1.616666667,1.633333333,0.208620484,0.213074825
B8_2022,1.292666667,1.293333333,0.11148655,0.111710471
A62_2022,1.833333333,1.833333333,0.263241435,0.263241435
A54_2022,16.8,17,1.225309282,1.230448921
A43_2022,7.21,7.233333333,0.857935265,0.859338479
A28_2022,2.9475,2.95,0.469453814,0.469822016
C40_2022,1.119,1.12,0.048830087,0.049218023
C15_2022,1.098,1.1,0.04060234,0.041392685
B62_2022,5.436666667,5.466666667,0.735332706,0.737722593
B52_2022,0.968666667,0.97,-0.013825645,-0.013228266
B38_2022,3.1,3.1,0.491361694,0.491361694
B28_2022,3.78,3.8,0.5774918,0.579783597
B16_2022,7.66,7.733333333,0.88422877,0.88836673
B7_2022,7.66,7.733333333,0.88422877,0.88836673
A61_2022,10.44,10.5,1.018700499,1.021189299
A53_2022,0.667666667,0.67,-0.175440305,-0.173925197
A42_2022,4.39,4.4,0.64246452,0.643452676
A26_2022,1.9425,1.95,0.288361027,0.290034611
C39_2022,0.265333333,0.266666667,-0.576208187,-0.574031268
C7_2022,5.32,5.366666667,0.725911632,0.729704621
B60_2022,0.425666667,0.426666667,-0.370930357,-0.369911285
B51_2022,2.223333333,2.233333333,0.347004579,0.348953548
B35_2022,0.626,0.63,-0.203425667,-0.200659451
B27_2022,0.596,0.6,-0.22475374,-0.22184875
B15_2022,7.49,7.566666667,0.874481818,0.878904602
B6_2022,0.955666667,0.956666667,-0.019693562,-0.019239358
A60_2022,5.106666667,5.133333333,0.708137511,0.710399466
A51_2022,6.233333333,6.266666667,0.794720352,0.797036595
A41_2022,3.756666667,3.766666667,0.574802661,0.575957189
A24_2022,0.2315,0.2325,-0.635449005,-0.633577043
C33_2022,5.346,5.403333333,0.728028954,0.73266176
C4_2022,1.229666667,1.23,0.089787401,0.089905111
B59_2022,1.219,1.25,0.086003706,0.096910013
B50_2022,8.706666667,8.833333333,0.939851918,0.946124619
B34_2022,9.233333333,9.233333333,0.965358514,0.965358514
B25_2022,0.621,0.622,-0.2069084,-0.206209615
B14_2022,6.576666667,6.6,0.818005831,0.819543936
B5_2022,2.793333333,2.8,0.446122764,0.447158031
A59_2022,2.463333333,2.466666667,0.391523184,0.392110465
A50_2022,4.363333333,4.366666667,0.639818392,0.640150041
A39_2022,1.965,1.975,0.293362555,0.2955671
A21_2022,7.1675,7.2,0.855367702,0.857332496
C27_2022,13.66666667,13.66666667,1.135662602,1.135662602
C1_2022,3.18,3.2,0.50242712,0.505149978
B58_2022,11.28333333,11.3,1.052437418,1.053078443
B49_2022,4.723333333,4.733333333,0.674248596,0.67516709
B33_2022,1.2,1.2,0.079181246,0.079181246
B23_2022,6.286666667,6.3,0.798420434,0.799340549
B13_2022,8.016666667,8.066666667,0.903993826,0.906694111
B3_2022,4.126666667,4.133333333,0.61559939,0.61630043
A58_2022,3.29,3.3,0.517195898,0.51851394
A48_2022,4.796666667,4.833333333,0.680939539,0.684246748
A36_2022,3.4875,3.5,0.542514216,0.544068044
A17_2022,5.895,5.925,0.770483809,0.772688355
C25_2022,13,13,1.113943352,1.113943352
B66_2022,3.7,3.7,0.568201724,0.568201724
B57_2022,0.952333333,0.953333333,-0.021211014,-0.020755222
B48_2022,5.72,5.766666667,0.757396029,0.760924848
B32_2022,4.553333333,4.566666667,0.658329445,0.659599312
B22_2022,3.89,3.9,0.589949601,0.591064607
B12_2022,1.923333333,1.933333333,0.284054558,0.286306739
B1_2022,12.33333333,12.33333333,1.091080469,1.091080469
A57_2022,1.21,1.233333333,0.08278537,0.091080469
A47_2022,3.936666667,3.966666667,0.595128643,0.598425707
A33_2022,3.9375,3.975,0.595220567,0.599337133
A15_2022,1.08225,1.0825,0.034327594,0.034427905
C19_2022,4.26,4.3,0.629409599,0.633468456
B65_2022,2.48,2.533333333,0.394451681,0.403692338
B55_2022,1.553333333,1.566666667,0.191264662,0.194976603
B47_2022,8.22,8.233333333,0.914871818,0.915575699
B31_2022,2.05,2.066666667,0.311753861,0.315270435
B21_2022,7.966666667,8.033333333,0.901276646,0.904895788
B11_2022,3.1,3.1,0.491361694,0.491361694
A65_2022,11.66666667,11.66666667,1.06694679,1.06694679
A56_2022,0.421666667,0.423333333,-0.375030729,-0.373317534
A45_2022,6.063333333,6.1,0.782711444,0.785329835
A32_2022,3.6875,3.7,0.566732029,0.568201724
A12_2022,6.19,6.2,0.791690649,0.792391689
C18_2022,0.714,0.72,-0.146301788,-0.142667504
B64_2022,0.159,0.16,-0.798602876,-0.795880017
B54_2022,6.59,6.6,0.818885415,0.819543936
B45_2022,2.47,2.5,0.392696953,0.397940009
B30_2022,1.933333333,1.933333333,0.286306739,0.286306739
B20_2022,0.892666667,0.896666667,-0.049310682,-0.047368975
B9_2022,9.08,9.1,0.958085849,0.959041392
A64_2022,2.656666667,2.666666667,0.424337067,0.425968732
A55_2022,1.656666667,1.666666667,0.219235134,0.22184875
A44_2022,11.29333333,11.33333333,1.052822147,1.054357662
A30_2022,3.175,3.175,0.50174373,0.50174373
A10_2022,0.579,0.58,-0.237321436,-0.236572006
X17_2021,1.2765,1.29,0.106020819,0.11058971
X4_2021,5.666666667,5.733333333,0.753327667,0.758407192
U44_2021,5.23,5.233333333,0.718501689,0.718778398
U33_2021,9.42,9.433333333,0.974050903,0.974665181
T66_2021,5.403,5.494554349,0.732634968,0.739932474
T52_2021,3.37,3.4,0.527629901,0.531478917
T24_2021,3.256666667,3.266666667,0.512773309,0.514104821
T13_2021,0.449379976,0.500915762,-0.347386283,-0.300235302
S66_2021,0.490533333,0.509333333,-0.309331476,-0.2929979
S41_2021,7.88,7.933333333,0.896526217,0.899455702
S23_2021,5.7475,5.775,0.75947898,0.761551989
A9_2022,0.396,0.4,-0.402304814,-0.397940009
X16_2021,7.215,7.25,0.858236335,0.860338007
X3_2021,7.64,7.7,0.883093359,0.886490725
U43_2021,4.74,4.8,0.675778342,0.681241237
U26_2021,6.3025,6.325,0.799512854,0.80106053
T65_2021,0.302,0.303333333,-0.519993057,-0.518079862
T50_2021,0.9855,1,-0.006343371,0
T22_2021,7.41,7.566666667,0.869818208,0.878904602
T12_2021,0.489,0.49,-0.310691141,-0.30980392
S60_2021,0.977,0.9925,-0.010105436,-0.003269485
S40_2021,3.759,3.815775365,0.575072326,0.5815828
S20_2021,13.33333333,13.33333333,1.124938737,1.124938737
A6_2022,1.48,1.5,0.170261715,0.176091259
X15_2021,6.323333333,6.4,0.800946076,0.806179974
X1_2021,11.56666667,11.66666667,1.06320822,1.06694679
U40_2021,5.52,5.6,0.741939078,0.748188027
U24_2021,2.09,2.1,0.320146286,0.322219295
T62_2021,3.075,3.1,0.48784512,0.491361694
T49_2021,4.426666667,4.433333333,0.64607682,0.646730386
T21_2021,1.034333333,1.053333333,0.014660521,0.022565828
T10_2021,3.093333333,3.1,0.490426721,0.491361694
S53_2021,,,,
S36_2021,0.2465,0.2475,-0.608183076,-0.606424797
S19_2021,5.29,5.3,0.723455672,0.72427587
A5_2022,3.7,3.7,0.568201724,0.568201724
X12_2021,8.023333333,8.033333333,0.904354836,0.904895788
U65_2021,8.626666667,8.633333333,0.935843017,0.936178509
U39_2021,2.6375,2.65,0.421192468,0.423245874
U20_2021,7.593333333,7.633333333,0.880432465,0.882714228
T61_2021,0.9105,0.925,-0.04072005,-0.033858267
T48_2021,9.485,9.6,0.977037335,0.982271233
T20_2021,7.51,7.6,0.875639937,0.880813592
T9_2021,2.3,2.3,0.361727836,0.361727836
S52_2021,4.98025,5.08,0.697251144,0.705863712
S35_2021,5.19,5.2,0.715167358,0.716003344
S5_2021,6.9575,7,0.842453215,0.84509804
A3_2022,10.4075,10.45,1.01734642,1.01911629
X10_2021,8.7,8.775,0.939519253,0.943247125
U55_2021,4.875,4.9,0.68797462,0.69019608
U37_2021,5.6525,5.675,0.752240571,0.753965866
U16_2021,2.513333333,2.533333333,0.400250091,0.403692338
T60_2021,9.073333333,9.133333333,0.957766866,0.960629308
T47_2021,3.8825,3.9,0.589111464,0.591064607
T19_2021,0.218,0.22,-0.661543506,-0.657577319
T7_2021,3.955,4,0.597146488,0.602059991
S50_2021,7.17,7.2,0.855519156,0.857332496
S34_2021,,,,
S1_2021,9.96,10,0.998259338,1
X24_2021,3.566666667,3.6,0.552262523,0.556302501
X8_2021,5.3,5.9,0.72427587,0.770852012
U51_2021,11.4525,11.5,1.0589003,1.06069784
U36_2021,0.505,0.51,-0.296708622,-0.292429824
U13_2021,2.655,2.675,0.424064525,0.427323786
T59_2021,1.65,1.65,0.217483944,0.217483944
T46_2021,4.79,4.85,0.680335513,0.685741739
T18_2021,6.9575,7,0.842453215,0.84509804
T6_2021,1.42,1.433333333,0.152288344,0.156347201
S47_2021,2.663,2.666666667,0.425371166,0.425968732
S27_2021,0.119,0.12,-0.924453039,-0.920818754
R60_2021,2.635,2.65,0.42078062,0.423245874
X19_2021,6.386666667,6.4,0.80527425,0.806179974
X7_2021,8.49,8.5,0.92890769,0.929418926
U47_2021,3.52,3.6,0.546542663,0.556302501
U35_2021,1.825,1.85,0.261262869,0.267171728
U12_2021,0.757666667,0.766666667,-0.120521819,-0.115393419
T57_2021,4.456666667,4.466666667,0.649010153,0.649983544
T45_2021,9.73,9.8,0.98811284,0.991226076
T16_2021,0.843,0.846666667,-0.074172425,-0.072287538
T3_2021,0.261,0.265,-0.583359493,-0.576754126
S43_2021,2.553333333,2.566666667,0.407107515,0.40936947
S25_2021,0.090675744,0.091677675,-1.042508871,-1.037736408
R59_2021,6.99,7.033333333,0.844477176,0.847161201
X18_2021,6.07,6.1,0.783188691,0.785329835
X6_2021,14,14,1.146128036,1.146128036
U45_2021,12.5,12.5,1.096910013,1.096910013
U34_2021,8.453333333,8.466666667,0.927027994,0.927712462
U11_2021,1.1,1.1,0.041392685,0.041392685
T54_2021,7.4225,7.425,0.870550206,0.870696458
T30_2021,6.376666667,6.433333333,0.804593715,0.808436054
T14_2021,1.4385,1.465,0.157909866,0.165837625
T2_2021,0.030433333,0.032,-1.516650477,-1.494850022
S42_2021,1.936666667,2,0.287054878,0.301029996
S24_2021,7.956666667,7.966666667,0.900731164,0.901276646
R53_2021,5.83,5.85,0.765668555,0.767155866
R38_2021,16.56666667,16.66666667,1.219235134,1.22184875
R19_2021,4.09,4.1,0.611723308,0.612783857
R8_2021,1.079666667,1.08,0.033289693,0.033423755
Q63_2021,1.237,1.261831524,0.0923697,0.101001373
Q41_2021,0.05625,0.05725,-1.249877473,-1.242224509
Q25_2021,4.133333333,4.133333333,0.61630043,0.61630043
P59_2021,4.563333333,4.6,0.659282193,0.662757832
P44_2021,2.426666667,2.433333333,0.385010125,0.386201605
P20_2021,0.974,0.976666667,-0.011441043,-0.010253634
P5_2021,3.5975,3.6,0.556000803,0.556302501
O30_2021,3.9675,4.025,0.598516935,0.604765885
R49_2021,7.76,8.166666667,0.889861721,0.91204483
R31_2021,4.853333333,4.866666667,0.68604012,0.687231601
R18_2021,1.000666667,1.003333333,0.000289433,0.001445241
R7_2021,2.5,2.5,0.397940009,0.397940009
Q56_2021,0.287566667,0.315,-0.541261457,-0.501689446
Q40_2021,0.519,0.52,-0.284832642,-0.283996656
Q23_2021,6.665,6.675,0.823800154,0.82445127
P58_2021,0.0603,0.061666667,-1.219682688,-1.209949526
P38_2021,0.09975,0.10075,-1.001087096,-0.996754945
P19_2021,0.092,0.093,-1.036212173,-1.031517051
P4_2021,7.346666667,7.366666667,0.866090335,0.867271019
O17_2021,0.148,0.15,-0.829738285,-0.823908741
R47_2021,2.79,2.8,0.445604203,0.447158031
R29_2021,0.129,0.13,-0.88941029,-0.886056648
R6_2021,1.585,1.6,0.200029267,0.204119983
Q52_2021,7.41,7.5,0.869818208,0.875061263
Q36_2021,2.8025,2.85,0.447545621,0.45484486
Q22_2021,0.304759952,0.317747286,-0.516042104,-0.49791815
P56_2021,0.0765,0.0775,-1.116338565,-1.110698297
P37_2021,3.775,3.775,0.576916956,0.576916956
P18_2021,,,,
P1_2021,12,12,1.079181246,1.079181246
O16_2021,6.13,6.15,0.787460475,0.788875116
R46_2021,2.8225,2.825,0.450633951,0.451018452
R28_2021,3.19,3.2,0.503790683,0.505149978
R15_2021,0.044,0.045,-1.356547324,-1.346787486
R4_2021,10.9,11,1.037426498,1.041392685
Q51_2021,5.625,5.65,0.750122527,0.752048448
Q34_2021,0.299,0.3,-0.524328812,-0.522878745
Q20_2021,4.286666667,4.3,0.632119714,0.633468456
P55_2021,0.029833333,0.031,-1.525298219,-1.508638306
P32_2021,4.366666667,4.366666667,0.640150041,0.640150041
P16_2021,2.753333333,2.9,0.439858793,0.462397998
O66_2021,0.762666667,0.766666667,-0.117665235,-0.115393419
O15_2021,4.79,4.8,0.680335513,0.681241237
R45_2021,6.97,7,0.843232778,0.84509804
R26_2021,1.033666667,1.036666667,0.014380512,0.015639134
R14_2021,8.956666667,8.966666667,0.952146412,0.952631025
R2_2021,0.579,0.58,-0.237321436,-0.236572006
Q48_2021,6.39,6.4,0.805500858,0.806179974
Q33_2021,4.3375,4.35,0.637239488,0.638489257
Q19_2021,4.53,4.6,0.656098202,0.662757832
P52_2021,0.523333333,0.533333333,-0.281221602,-0.273001272
P28_2021,6.04,6.075,0.781036939,0.783546282
P14_2021,5.153333333,5.2,0.712088235,0.716003344
O64_2021,0.129,0.13,-0.88941029,-0.886056648
O14_2021,4.165,4.2,0.619615006,0.62324929
R44_2021,4,4,0.602059991,0.602059991
R24_2021,12.9,13,1.11058971,1.113943352
R12_2021,0.148,0.149,-0.829738285,-0.826813732
R1_2021,2.48,2.5,0.394451681,0.397940009
Q47_2021,10.17666667,10.26666667,1.00760555,1.011429462
Q29_2021,0.035256808,0.036258256,-1.452757006,-1.440593084
Q15_2021,3,3,0.477121255,0.477121255
P51_2021,0.480333333,0.483333333,-0.318457274,-0.315753252
P27_2021,5.8975,5.925,0.77066795,0.772688355
P13_2021,7.673333333,7.7,0.884984065,0.886490725
O63_2021,1.79,1.8,0.252853031,0.255272505
O13_2021,0.219,0.22,-0.659555885,-0.657577319
R41_2021,7.09,7.1,0.850646235,0.851258349
R23_2021,5.6025,5.625,0.748381865,0.750122527
R11_2021,0.0595,0.0605,-1.225483034,-1.218244625
Q65_2021,5.099259952,5.111831524,0.707507152,0.708576532
Q45_2021,1.74,1.75,0.240549248,0.243038049
Q28_2021,12.33333333,12.33333333,1.091080469,1.091080469
Q7_2021,0.979,0.99,-0.009217308,-0.004364805
P50_2021,0.6665,0.67,-0.176199846,-0.173925197
P26_2021,0.879,0.88,-0.056011125,-0.055517328
P12_2021,0.95,1.066666667,-0.022276395,0.028028724
O61_2021,9.255,9.35,0.966376423,0.970811611
O11_2021,3.215,3.25,0.507180977,0.511883361
R40_2021,0.936,0.936666667,-0.028724151,-0.028414935
R21_2021,3.46,3.466666667,0.539076099,0.539912085
R9_2021,9.983333333,10.2,0.999275572,1.008600172
Q64_2021,5.456666667,5.466666667,0.736927425,0.737722593
Q42_2021,,,,
Q26_2021,7.89,7.95,0.897077003,0.900367129
P62_2021,7.855,7.875,0.895146189,0.896250562
P46_2021,4.89,4.9,0.689308859,0.69019608
P22_2021,12.76666667,13,1.106077519,1.113943352
P11_2021,6.925,6.975,0.840419778,0.843544212
O42_2021,6.666666667,6.666666667,0.823908741,0.823908741
O9_2021,8.675,8.675,0.938269483,0.938269483
N52_2021,3.693333333,3.7,0.567418506,0.568201724
N33_2021,4.8825,4.9,0.688642252,0.69019608
N13_2021,2.29,2.3,0.359835482,0.361727836
M64_2021,2.35,2.35,0.371067862,0.371067862
M24_2021,2.0625,2.075,0.314393957,0.317018101
L63_2021,4.36,4.433333333,0.639486489,0.646730386
L44_2021,9.203333333,9.233333333,0.963945152,0.965358514
L31_2021,,,,
L21_2021,2.233333333,2.233333333,0.348953548,0.348953548
L13_2021,1.475666667,1.476666667,0.168988267,0.169282472
L4_2021,0.654,0.655,-0.184422252,-0.1837587
O6_2021,1.566666667,1.566666667,0.194976603,0.194976603
N50_2021,8.19,8.2,0.913283902,0.913813852
N30_2021,0.645666667,0.646666667,-0.189991634,-0.189319525
N11_2021,1.3846,1.404,0.141324327,0.147367108
M63_2021,3.465,3.475,0.539703239,0.540954809
M22_2021,2.24,2.25,0.350248018,0.352182518
L55_2021,1.69,1.7,0.227886705,0.230448921
L43_2021,1.0685,1.08,0.028774527,0.033423755
L30_2021,2.323333333,2.333333333,0.366111523,0.367976785
L20_2021,1.251,1.266666667,0.09725731,0.102662342
L11_2021,4.573333333,4.633333333,0.660232857,0.665893546
L3_2021,,,,
O5_2021,7.04,7.1,0.847572659,0.851258349
N48_2021,0.65475,0.6575,-0.183924493,-0.182104243
N29_2021,4.2865,4.2975,0.632102828,0.633215885
N8_2021,0.468666667,0.473333333,-0.329135934,-0.32483291
M60_2021,0.706,0.73,-0.151195299,-0.13667714
M20_2021,3.925,3.925,0.593839661,0.593839661
L53_2021,6.665,6.7,0.823800154,0.826074803
L38_2021,1.286,1.286666667,0.109240969,0.10946605
L27_2021,0.264013269,0.272442032,-0.578374245,-0.564725889
L19_2021,3.023333333,3.033333333,0.480486032,0.481920138
L10_2021,8.176666667,8.2,0.912576293,0.913813852
L2_2021,0.628,0.63,-0.202040356,-0.200659451
O4_2021,7.64,7.7,0.883093359,0.886490725
N46_2021,5.3775,5.4,0.730580419,0.73239376
N21_2021,10.56,10.6,1.023663918,1.025305865
N7_2021,3.75,3.8,0.574031268,0.579783597
M55_2021,3.15,3.15,0.498310554,0.498310554
M17_2021,5.3775,5.425,0.730580419,0.734399743
L51_2021,,,,
L37_2021,9.473333333,9.5,0.976502819,0.977723605
L26_2021,17.1,17.5,1.23299611,1.243038049
L18_2021,0.3875,0.39,-0.411728293,-0.408935393
L9_2021,12.40666667,12.5,1.093655114,1.096910013
L1_2021,,,,
N61_2021,1.6,1.6,0.204119983,0.204119983
N45_2021,2.325,2.325,0.366422957,0.366422957
N19_2021,3.1,3.1,0.491361694,0.491361694
N4_2021,6.12,6.133333333,0.786751422,0.787696568
M49_2021,6.975,7,0.843544212,0.84509804
M12_2021,0.4115,0.4125,-0.38563016,-0.384576047
L48_2021,0.878666667,0.88,-0.056175849,-0.055517328
L36_2021,9.266666667,9.266666667,0.966923541,0.966923541
L25_2021,7.2875,7.325,0.862578568,0.864807629
L17_2021,8.366666667,8.4,0.922552467,0.924279286
L8_2021,0.862666667,0.866666667,-0.064156983,-0.062147907
K66_2021,2.156666667,2.166666667,0.333783026,0.335792102
N59_2021,7.25,7.3,0.860338007,0.86332286
N44_2021,5.155,5.2,0.71222867,0.716003344
N18_2021,1.2,1.2,0.079181246,0.079181246
N2_2021,0.4865,0.4875,-0.312917155,-0.31202538
M46_2021,0.5935,0.6,-0.226579277,-0.22184875
M11_2021,2.025,2.025,0.306425028,0.306425028
L47_2021,8.08,8.4,0.907411361,0.924279286
L35_2021,0.149,0.15,-0.826813732,-0.823908741
L24_2021,6.95,6.966666667,0.841984805,0.843025031
L16_2021,9.086666667,9.1,0.958404597,0.959041392
L7_2021,0.013009078,0.014011009,-1.885753492,-1.853530601
K65_2021,,,,
N56_2021,1.106,1.11,0.043755127,0.045322979
N42_2021,4.5775,4.625,0.660628353,0.665111737
N17_2021,1.49,1.5,0.173186268,0.176091259
M66_2021,2.486666667,2.5,0.395617573,0.397940009
M40_2021,0.3565,0.3575,-0.447940466,-0.446723954
L65_2021,3.7,3.7,0.568201724,0.568201724
L46_2021,0.521,0.525,-0.283162277,-0.279840697
L33_2021,0.139,0.14,-0.8569852,-0.853871964
L23_2021,5.135,5.15,0.710540448,0.711807229
L15_2021,1.054333333,1.056666667,0.022977937,0.023938007
L6_2021,0.936,0.94,-0.028724151,-0.026872146
K64_2021,1.101666667,1.106666667,0.042050209,0.044016829
N55_2021,6.79,6.8,0.831869774,0.832508913
N41_2021,0.239,0.24,-0.621602099,-0.619788758
N16_2021,0.1405,0.145,-0.852323676,-0.838631998
M65_2021,0.259,0.26,-0.586700236,-0.585026652
M38_2021,1.073,1.075,0.030599722,0.031408464
L64_2021,0.50625,0.545,-0.295634964,-0.263603498
L45_2021,8.075,8.225,0.907142531,0.915135907
L32_2021,0.412666667,0.416666667,-0.38440061,-0.380211242
L22_2021,0.021513617,0.022516513,-1.667286576,-1.647498868
L14_2021,0.229,0.23,-0.640164518,-0.638272164
L5_2021,6.516666667,6.566666667,0.814025507,0.817344971
K63_2021,,,,
K55_2021,6.04,6.1,0.781036939,0.785329835
K47_2021,1.65,1.65,0.217483944,0.217483944
K39_2021,12.13333333,12.13333333,1.083980129,1.083980129
K24_2021,0.283666667,0.286666667,-0.547191695,-0.542622803
K13_2021,3.15525,3.2,0.499033775,0.505149978
J63_2021,12.495,12.5,1.09673626,1.096910013
J38_2021,5.62,5.7,0.749736316,0.755874856
J27_2021,0.62,0.626666667,-0.207608311,-0.202963405
J8_2021,0.401333333,0.413333333,-0.396494768,-0.38369957
I55_2021,1.2845,1.335915762,0.108734109,0.125779074
I34_2021,0.14475,0.14575,-0.839381428,-0.836391437
K62_2021,6.926666667,6.933333333,0.840524289,0.84094208
K54_2021,3.333333333,3.333333333,0.522878745,0.522878745
K46_2021,11.98333333,12,1.07857764,1.079181246
K38_2021,3.49,3.5,0.542825427,0.544068044
K22_2021,0.2035,0.230247286,-0.691435586,-0.63780548
K12_2021,5.475,5.55,0.738384124,0.744292983
J62_2021,6.015,6.05,0.779235632,0.781755375
J37_2021,0.51,0.52,-0.292429824,-0.283996656
J24_2021,0.80175,0.835,-0.095961031,-0.078313525
J7_2021,3.895,3.925,0.590507462,0.593839661
I54_2021,6.615,6.625,0.820529849,0.821185883
I33_2021,0.738,0.74,-0.131943638,-0.13076828
K61_2021,4.966666667,5,0.696065014,0.698970004
K53_2021,0.0605,0.0615,-1.218244625,-1.211124884
K45_2021,0.182333333,0.183333333,-0.739133928,-0.736758565
K37_2021,8.453333333,8.466666667,0.927027994,0.927712462
K21_2021,5.5075,5.575,0.740954506,0.746244872
J61_2021,6,6.1,0.77815125,0.785329835
J36_2021,3.97,3.975,0.598790507,0.599337133
J23_2021,8.296666667,8.366666667,0.918903642,0.922552467
J6_2021,2.835,2.85,0.452553063,0.45484486
I53_2021,4.378333333,4.406666667,0.641308822,0.6441102
I31_2021,,,,
K60_2021,4.64,4.666666667,0.666517981,0.669006781
K52_2021,5.51,5.566666667,0.741151599,0.745595216
K44_2021,10.36333333,10.36666667,1.015499467,1.015639134
K35_2021,3.75,3.775,0.574031268,0.576916956
K20_2021,3.93,3.933333333,0.59439255,0.594760753
K7_2021,0.617,0.62,-0.209714836,-0.207608311
J53_2021,0.111333333,0.112333333,-0.953374788,-0.949491354
J33_2021,1.463333333,1.466666667,0.165343266,0.166331422
J21_2021,6.943333333,6.966666667,0.841568015,0.843025031
J4_2021,6.87,6.933333333,0.836956737,0.84094208
I48_2021,2.463333333,2.466666667,0.391523184,0.392110465
I30_2021,0.9855,1,-0.006343371,0
K59_2021,5.285,5.3,0.723044992,0.72427587
K51_2021,2.693333333,2.7,0.430290106,0.431363764
K43_2021,1.601,1.61,0.204391332,0.206825876
K34_2021,0.775,0.78,-0.110698297,-0.107905397
K18_2021,7.483333333,7.5,0.874095091,0.875061263
K3_2021,0.315333333,0.316666667,-0.501230118,-0.499397649
J52_2021,2.3125,2.35,0.364081741,0.371067862
J32_2021,1.023,1.025,0.009875634,0.010723865
J16_2021,5.306666667,5.333333333,0.724821809,0.726998728
J3_2021,1.5775,1.6,0.197969368,0.204119983
I46_2021,9.683333333,9.7,0.986024882,0.986771734
I28_2021,1.9875,2,0.298307137,0.301029996
K58_2021,1.275,1.29,0.105510185,0.11058971
K50_2021,5.94,6,0.773786445,0.77815125
K42_2021,6.39,6.4,0.805500858,0.806179974
K31_2021,0.007881808,0.008883256,-2.103374133,-2.051427801
K17_2021,0.004084822,0.005088684,-2.388826855,-2.293394535
K1_2021,1.04625,1.0575,0.019635471,0.024280376
J49_2021,13,13,1.113943352,1.113943352
J31_2021,0.319,0.32,-0.496209317,-0.494850022
J15_2021,0.49025,0.5075,-0.309582398,-0.294563953
I63_2021,0.624,0.64,-0.20481541,-0.193820026
I41_2021,7.233333333,7.3,0.859338479,0.86332286
I26_2021,1.3725,1.4,0.137512353,0.146128036
K57_2021,4.59,4.6,0.661812686,0.662757832
K49_2021,6.563333333,6.566666667,0.817124461,0.817344971
K41_2021,6.56,6.566666667,0.816903839,0.817344971
K26_2021,2.945,2.95,0.469085299,0.469822016
K16_2021,0.2435,0.2475,-0.613501034,-0.606424797
J65_2021,0.168666667,0.17,-0.772970738,-0.769551079
J43_2021,1.3995,1.4,0.145972903,0.146128036
J30_2021,0.024,0.025,-1.619788758,-1.602059991
J12_2021,3.175,3.25,0.50174373,0.511883361
I58_2021,0.169,0.17,-0.772113295,-0.769551079
I40_2021,5.77,5.8,0.761175813,0.763427994
I23_2021,3.58,3.6,0.553883027,0.556302501
K56_2021,4.866666667,4.866666667,0.687231601,0.687231601
K48_2021,6.975,7.05,0.843544212,0.848189117
K40_2021,,,,
K25_2021,4.24,4.25,0.627365857,0.62838893
K15_2021,0.098333333,0.099333333,-1.007299239,-1.002904991
J64_2021,3.97,4,0.598790507,0.602059991
J42_2021,8.9975,9.075,0.954121855,0.957846634
J28_2021,3.066666667,3.066666667,0.486666573,0.486666573
I57_2021,12.85,13,1.108903128,1.113943352
I37_2021,0.441,0.4425,-0.355561411,-0.354086725
I20_2021,1.75,1.75,0.243038049,0.243038049
I3_2021,3.49,3.5,0.542825427,0.544068044
H56_2021,7.33,7.35,0.865103975,0.866287339
H38_2021,6.28,6.3,0.797959644,0.799340549
H15_2021,,,,
G58_2021,3.356666667,3.366666667,0.525908216,0.527200119
G37_2021,7.556666667,7.566666667,0.878330265,0.878904602
G23_2021,1.51325,1.53,0.179910683,0.184691431
F66_2021,10.295,10.3,1.012626351,1.012837225
F50_2021,3.045,3.05,0.483587297,0.484299839
F39_2021,0.258,0.27,-0.588380294,-0.568636236
F27_2021,0.588,0.59,-0.230622674,-0.229147988
I18_2021,0.033131808,0.034258256,-1.47975486,-1.465234744
I2_2021,12.25,12.25,1.088136089,1.088136089
H55_2021,0.665666667,0.666666667,-0.17674319,-0.176091259
H32_2021,0.522666667,0.53,-0.281775196,-0.27572413
G65_2021,3.086666667,3.133333333,0.489489732,0.496006599
G56_2021,6.165,6.175,0.789933081,0.790636962
G36_2021,5.273333333,5.3,0.722085224,0.72427587
G21_2021,2.620005001,3.15,0.41830212,0.498310554
F65_2021,0.24,0.245,-0.619788758,-0.610833916
F49_2021,0.239,0.24,-0.621602099,-0.619788758
F38_2021,5.493333333,5.533333333,0.739835953,0.742986833
F23_2021,0.0231,0.031666667,-1.63638802,-1.499397649
I15_2021,0.826333333,0.836666667,-0.082844728,-0.077447533
H65_2021,0.102,0.103,-0.991399828,-0.987162775
H54_2021,2.74,2.75,0.437750563,0.439332694
H29_2021,5.216666667,5.266666667,0.717393087,0.721535832
G64_2021,0.143,0.144,-0.844663963,-0.841637508
G54_2021,8.09,8.1,0.907948522,0.908485019
G33_2021,0.695839968,0.715775365,-0.15749063,-0.145223253
G20_2021,2.296666667,2.3,0.361097967,0.361727836
F61_2021,0.927666667,0.936666667,-0.032608048,-0.028414935
F48_2021,3.263333333,3.266666667,0.513661437,0.514104821
F37_2021,6.805,6.975,0.83282813,0.843544212
F21_2021,0.007956808,0.008958256,-2.099261106,-2.04777651
I12_2021,0.116333333,0.117333333,-0.934295828,-0.930578591
H64_2021,5.906666667,5.933333333,0.771342463,0.773298748
H53_2021,3.59,3.6,0.555094449,0.556302501
H28_2021,8.3725,8.4,0.922855156,0.924279286
G63_2021,17.3,17.5,1.238046103,1.243038049
G51_2021,5.9175,5.925,0.772138267,0.772688355
G32_2021,8.366666667,8.4,0.922552467,0.924279286
G18_2021,8.88,8.9,0.948412966,0.949390007
F59_2021,1.443333333,1.466666667,0.159366642,0.166331422
F47_2021,0.5995,0.605,-0.222210813,-0.218244625
F36_2021,1.2,1.2,0.079181246,0.079181246
F20_2021,0.956,0.96,-0.019542108,-0.017728767
I10_2021,0.0317,0.033,-1.498940738,-1.48148606
H62_2021,6.316666667,6.366666667,0.80048796,0.803912113
H52_2021,,,,
H23_2021,5.33,5.35,0.726727209,0.728353782
G62_2021,3.333333333,3.366666667,0.522878745,0.527200119
G47_2021,8.746666667,8.766666667,0.941842576,0.942834494
G31_2021,,,,
G17_2021,6.146666667,6.2,0.788639662,0.792391689
F57_2021,3.395,3.425,0.530839779,0.534660576
F46_2021,0.565666667,0.566666667,-0.247439412,-0.246672333
F35_2021,0.878666667,0.88,-0.056175849,-0.055517328
F15_2021,2.74,2.75,0.437750563,0.439332694
I8_2021,5.0975,5.125,0.707357234,0.70969387
H61_2021,5.25,5.35,0.720159303,0.728353782
H48_2021,1.225333333,1.233333333,0.088254248,0.091080469
H22_2021,0.63025,0.6325,-0.200487146,-0.19893947
G61_2021,0.501666667,0.51,-0.299584755,-0.292429824
G46_2021,1.62,1.66,0.209515015,0.220108088
G30_2021,2.28,2.3,0.357934847,0.361727836
G15_2021,14.75,15,1.16879202,1.176091259
F55_2021,1.339,1.345,0.126780577,0.128722284
F43_2021,1.09,1.1,0.037426498,0.041392685
F34_2021,5.035,5.1,0.701999475,0.707570176
F13_2021,0.089666667,0.090666667,-1.047368975,-1.042552351
I7_2021,1.0105,1.015,0.004536318,0.006466042
H60_2021,,,,
H44_2021,7.263333333,7.333333333,0.861135976,0.865301426
H20_2021,0.3446,0.350666667,-0.462684727,-0.455105515
G60_2021,2.73,2.833333333,0.436162647,0.452297671
G45_2021,4.235,4.25,0.626853415,0.62838893
G28_2021,0.174,0.225775365,-0.759450752,-0.646323446
G9_2021,0.0136,0.02125,-1.866461092,-1.672641066
F53_2021,5.096666667,5.133333333,0.707286231,0.710399466
F42_2021,0.465,0.47,-0.332547047,-0.327902142
F32_2021,2.813333333,2.833333333,0.449221192,0.452297671
F12_2021,0.349333333,0.356666667,-0.456759972,-0.447737477
I5_2021,2.13,2.175,0.328379603,0.337459261
H59_2021,15,15,1.176091259,1.176091259
H40_2021,4.9125,4.925,0.691302563,0.692406235
H16_2021,11.69,11.7,1.067814511,1.068185862
G59_2021,5.54,5.55,0.743509765,0.744292983
G44_2021,4.172839968,4.374554349,0.620431729,0.640933817
G1_2021,0.698,0.7,-0.156144577,-0.15490196
F51_2021,0.996666667,1.036666667,-0.001450066,0.015639134
F40_2021,1.085333333,1.086666667,0.035563141,0.036096345
F30_2021,8.995,9.025,0.954001168,0.955447211
E62_2021,0.1965,0.1975,-0.706637445,-0.7044329
E50_2021,0.218,0.223333333,-0.661543506,-0.651046452
E37_2021,3.223333333,3.233333333,0.508305219,0.50965048
E22_2021,0.99775,1.015,-0.000978264,0.006466042
E5_2021,4.555,4.6,0.658488381,0.662757832
D56_2021,3.78,3.8,0.5774918,0.579783597
D27_2021,0.1465,0.1475,-0.834162375,-0.83120798
D14_2021,0.265666667,0.266666667,-0.575662933,-0.574031268
D3_2021,0.726333333,0.73,-0.138864024,-0.13667714
C55_2021,1.610333333,1.626666667,0.206915783,0.211298567
C43_2021,2.185,2.2,0.339451441,0.342422681
F9_2021,3.68,3.7,0.565847819,0.568201724
E61_2021,0.805,0.815,-0.09420412,-0.088842391
E49_2021,0.3115,0.3125,-0.506541949,-0.505149978
E36_2021,0.194173301,0.223663048,-0.711810486,-0.650405761
E19_2021,1.9,1.9,0.278753601,0.278753601
E4_2021,7.395,7.4,0.868938178,0.86923172
D26_2021,0.818,0.82,-0.087246696,-0.086186148
D12_2021,7.28,7.3,0.862131379,0.86332286
D2_2021,0.329,0.333333333,-0.482804102,-0.477121255
C54_2021,1.55,1.566666667,0.190331698,0.194976603
C42_2021,5.16,5.175,0.712649702,0.713910354
F8_2021,3.99,4,0.600972896,0.602059991
E60_2021,,,,
E47_2021,0.0975,0.0985,-1.010995384,-1.00656377
E33_2021,5.673333333,5.7,0.753838301,0.755874856
E18_2021,4.21,4.3,0.624282096,0.633468456
E3_2021,4.2475,4.25,0.628133388,0.62838893
D25_2021,6.525,6.6,0.814580516,0.819543936
D11_2021,7.18,7.2,0.856124444,0.857332496
D1_2021,4.03,4.1,0.605305046,0.612783857
C53_2021,0.419,0.42,-0.377785977,-0.37675071
C40_2021,10.55666667,10.56666667,1.023526809,1.023938007
F7_2021,0.9255,0.93,-0.033623577,-0.031517051
E58_2021,3.8425,3.85,0.584613876,0.58546073
E46_2021,0.2365,0.2375,-0.626168855,-0.624336386
E32_2021,4.035,4.05,0.605843539,0.607455023
E17_2021,2.235,2.25,0.349277527,0.352182518
D65_2021,0.922666667,0.93,-0.034955169,-0.031517051
D48_2021,0.42175,0.425,-0.374944909,-0.37161107
D24_2021,2.15,2.15,0.33243846,0.33243846
D10_2021,2.86,2.86,0.456366033,0.456366033
C66_2021,0.393,0.4,-0.40560745,-0.397940009
C52_2021,1.726666667,1.733333333,0.237208505,0.238882089
C37_2021,0.336,0.34,-0.473660723,-0.468521083
F3_2021,1.76,1.766666667,0.245512668,0.247154615
E56_2021,0.906173301,0.911221016,-0.042788738,-0.040376272
E45_2021,1.223333333,1.233333333,0.08754481,0.091080469
E31_2021,4.533333333,4.533333333,0.656417654,0.656417654
E15_2021,0.232259952,0.236831524,-0.634025669,-0.62556049
D64_2021,0.015256808,0.016258256,-1.816536311,-1.788926031
D33_2021,0.439333333,0.443333333,-0.357205844,-0.353269614
D23_2021,6.2975,6.35,0.799168176,0.802773725
D8_2021,31.85,32,1.503109437,1.505149978
C62_2021,0.409,0.41,-0.388276692,-0.387216143
C50_2021,2.066666667,2.066666667,0.315270435,0.315270435
C36_2021,1.5,1.5,0.176091259,0.176091259
E65_2021,3.85,3.866666667,0.58546073,0.587336735
E55_2021,0.366333333,0.376666667,-0.436123562,-0.424042811
E44_2021,1.95,1.95,0.290034611,0.290034611
E28_2021,5.886666667,5.9,0.769869445,0.770852012
E14_2021,6.746666667,6.766666667,0.829089253,0.830374783
D61_2021,0.075366667,0.078,-1.122820692,-1.107905397
D32_2021,1.037666667,1.12,0.016057866,0.049218023
D22_2021,0.9675,0.98,-0.014349026,-0.008773924
D6_2021,0.957333333,0.96,-0.018936819,-0.017728767
C61_2021,0.385666667,0.386666667,-0.413787896,-0.412663265
C49_2021,5.58,5.6,0.746634199,0.748188027
C32_2021,14.95,15,1.174641193,1.176091259
E64_2021,3.9175,3.925,0.593009005,0.593839661
E53_2021,0.975509952,1.017747286,-0.010768296,0.007639953
E43_2021,1.077,1.096666667,0.032215703,0.040074643
E27_2021,0.204259952,0.223663048,-0.689816775,-0.650405761
E13_2021,1.4,1.4,0.146128036,0.146128036
D59_2021,5.233333333,5.266666667,0.718778398,0.721535832
D31_2021,0.8376,0.842,-0.076963331,-0.074687909
D21_2021,0.9725,0.98,-0.01211039,-0.008773924
D5_2021,0.0418,0.045,-1.378823718,-1.346787486
C60_2021,0.796,0.8,-0.099086932,-0.096910013
C47_2021,1.076333333,1.076666667,0.03194679,0.032081268
C31_2021,0.444,0.445,-0.35261703,-0.351639989
E63_2021,0.205666667,0.206666667,-0.686836091,-0.684729565
E51_2021,0.030933333,0.032333333,-1.509573279,-1.49034952
E39_2021,8.6,8.666666667,0.934498451,0.937852093
E23_2021,10.14666667,10.16666667,1.006323393,1.007178585
E8_2021,6.87,6.9,0.836956737,0.838849091
D57_2021,6.39,6.433333333,0.805500858,0.808436054
D28_2021,8.06,8.075,0.906335042,0.907142531
D17_2021,1.413333333,1.433333333,0.150244602,0.156347201
D4_2021,0.692,0.7,-0.159893906,-0.15490196
C58_2021,8.276666667,8.4,0.917855465,0.924279286
C46_2021,2.1325,2.175,0.32888904,0.337459261
C26_2021,5.09,5.1,0.706717782,0.707570176
C10_2021,0.059,0.06,-1.229147988,-1.22184875
B47_2021,2.875,2.875,0.458637849,0.458637849
B38_2021,10.06,10.1,1.002597981,1.004321374
B28_2021,6.183333333,6.2,0.791222659,0.792391689
B19_2021,4.343333333,4.366666667,0.637823161,0.640150041
B10_2021,0.375666667,0.376666667,-0.425197339,-0.424042811
A66_2021,3.853333333,3.866666667,0.585836579,0.587336735
A45_2021,4.4275,4.45,0.64615857,0.648360011
A26_2021,1.2,1.2,0.079181246,0.079181246
A16_2021,0.515666667,0.516666667,-0.287630941,-0.286789557
A8_2021,1.167333333,1.17,0.067194887,0.068185862
C25_2021,0.6385,0.645,-0.194839098,-0.190440285
C8_2021,5.95,5.975,0.774516966,0.77633791
B45_2021,0.822666667,0.823333333,-0.084776099,-0.084424301
B37_2021,12.08,12.23333333,1.082066934,1.08754481
B27_2021,4.043333333,4.066666667,0.606739546,0.609238576
B18_2021,1.9,1.9,0.278753601,0.278753601
B7_2021,3.115,3.2,0.493458051,0.505149978
A65_2021,0.225666667,0.226666667,-0.646532586,-0.644612342
A44_2021,3.483333333,3.5,0.541995036,0.544068044
A23_2021,1.206333333,1.206666667,0.081467328,0.081587316
A15_2021,0.615666667,0.616666667,-0.210654359,-0.209949526
A7_2021,3.366666667,3.466666667,0.527200119,0.539912085
C24_2021,3.813333333,3.866666667,0.58130477,0.587336735
C4_2021,0.418,0.42,-0.378823718,-0.37675071
B44_2021,10.435,10.45,1.018492453,1.01911629
B35_2021,1.842,1.85,0.265289626,0.267171728
B26_2021,11.865,12,1.074267743,1.079181246
B17_2021,4.893333333,4.9,0.689604801,0.69019608
B6_2021,0.162333333,0.163333333,-0.789592294,-0.786925175
A63_2021,0.8405,0.865,-0.075462282,-0.062983893
A43_2021,0.284,0.285,-0.54668166,-0.54515514
A22_2021,1.018666667,1.03,0.008032095,0.012837225
A14_2021,0.362333333,0.363333333,-0.440891711,-0.439694757
A6_2021,8.446666667,8.466666667,0.926685356,0.927712462
C17_2021,0.270346602,0.275775365,-0.568079084,-0.559444532
B43_2021,0.312,0.313333333,-0.505845406,-0.503993401
B34_2021,5.96,5.966666667,0.77524626,0.775731776
B25_2021,0.061666667,0.062666667,-1.209949526,-1.202963405
B16_2021,1.158333333,1.166666667,0.063833554,0.06694679
B5_2021,5.323333333,5.333333333,0.726183661,0.726998728
A62_2021,2.95,2.975,0.469822016,0.47348697
A39_2021,11.63333333,11.66666667,1.065704172,1.06694679
A21_2021,0.325666667,0.326666667,-0.487226691,-0.485895179
A13_2021,4.59,4.6,0.661812686,0.662757832
A5_2021,8.04,8.05,0.905256049,0.90579588
C16_2021,2.08,2.1,0.318063335,0.322219295
B55_2021,10.335,10.35,1.014310481,1.01494035
B42_2021,10.08333333,10.1,1.003604124,1.004321374
B33_2021,9.615,9.65,0.982949289,0.984527313
B24_2021,0.375666667,0.376666667,-0.425197339,-0.424042811
B15_2021,0.076333333,0.077333333,-1.117285772,-1.11163327
A60_2021,3.9275,3.95,0.594116194,0.596597096
A37_2021,0.289,0.29,-0.539102157,-0.537602002
A20_2021,1.070666667,1.08,0.029654282,0.033423755
A12_2021,7.016666667,7.033333333,0.846130845,0.847161201
C14_2021,0.46775,0.47,-0.329986204,-0.327902142
B54_2021,1.3,1.3,0.113943352,0.113943352
B41_2021,6.45,6.5,0.809559715,0.812913357
B31_2021,0.194,0.195,-0.71219827,-0.709965389
B23_2021,9.226666667,9.233333333,0.965044831,0.965358514
B14_2021,2.313333333,2.333333333,0.364238216,0.367976785
B3_2021,2.506666667,2.533333333,0.399096586,0.403692338
A57_2021,0.315666667,0.316666667,-0.500771276,-0.499397649
A35_2021,0.189333333,0.190333333,-0.722772919,-0.720485146
A19_2021,10.09,10.1,1.003891166,1.004321374
A11_2021,1.316666667,1.326666667,0.119475841,0.122761817
A3_2021,1.13,1.15,0.053078443,0.06069784
C13_2021,0.414,0.415,-0.382999659,-0.381951903
B52_2021,4.0575,4.075,0.608258528,0.610127613
B40_2021,1.79,1.8,0.252853031,0.255272505
B30_2021,6.07,6.1,0.783188691,0.785329835
B22_2021,8.23,8.3,0.915399835,0.919078092
B13_2021,2.86,2.866666667,0.456366033,0.457377197
B2_2021,13,13,1.113943352,1.113943352
A49_2021,,,,
A33_2021,2.0225,2.025,0.30588853,0.306425028
A18_2021,0.665666667,0.67,-0.17674319,-0.173925197
A10_2021,3.216666667,3.233333333,0.507406059,0.50965048
A2_2021,3.34,3.35,0.523746467,0.525044807
C11_2021,4.175,4.175,0.62065648,0.62065648
B48_2021,3.415,3.425,0.533390708,0.534660576
B29_2021,0.619,0.62,-0.208309351,-0.207608311
B21_2021,9.156666667,9.166666667,0.961737405,0.962211439
B1_2021,10.5,10.5,1.021189299,1.021189299
A47_2021,1.3,1.3,0.113943352,0.113943352
A28_2021,5.565,5.575,0.745465169,0.746244872
A17_2021,2.49,2.5,0.396199347,0.397940009
A9_2021,1.59,1.6,0.201397124,0.204119983
A1_2021,0.907,0.923333333,-0.042392713,-0.034641486
S13_2022,,,,
R64_2022,5.546666667,5.566666667,0.744032067,0.745595216
R50_2022,2.49,2.5,0.396199347,0.397940009
R34_2022,2.216666667,2.233333333,0.345700391,0.348953548
R13_2022,3.99,4,0.600972896,0.602059991
Q59_2022,10.335,10.35,1.014310481,1.01494035
Q37_2022,0.218519903,0.223663048,-0.660509,-0.650405761
Q14_2022,13.78333333,13.8,1.139354259,1.139879086
P60_2022,1.015679936,1.049108699,0.006756873,0.020820488
P40_2022,0.116133333,0.117666667,-0.935043108,-0.929346549
S12_2022,3.505,3.525,0.544688022,0.547159121
R63_2022,2.62,2.633333333,0.418301291,0.420505837
R46_2022,1.794259952,1.961831524,0.253885364,0.292661709
R25_2022,0.265666667,0.266666667,-0.575662933,-0.574031268
R9_2022,6.995,7,0.844787719,0.84509804
Q56_2022,9.405,9.575,0.9733588,0.981138783
Q36_2022,3.97,4,0.598790507,0.602059991
Q13_2022,0.218519903,0.223663048,-0.660509,-0.650405761
P56_2022,5.735,5.75,0.758533422,0.759667845
P38_2022,4.33,4.333333333,0.636487896,0.636822098
S9_2022,0.232333333,0.233333333,-0.633888477,-0.632023215
R61_2022,23,23,1.361727836,1.361727836
R45_2022,2.186666667,2.2,0.339782585,0.342422681
R24_2022,7.6575,7.675,0.884087005,0.885078384
R8_2022,4.826666667,4.833333333,0.683647307,0.684246748
Q53_2022,0.218519903,0.223663048,-0.660509,-0.650405761
Q35_2022,8.66,8.7,0.937517892,0.939519253
Q7_2022,2.7275,2.75,0.435764759,0.439332694
P52_2022,12.93333333,13,1.111710471,1.113943352
P37_2022,2.395,2.4,0.379305518,0.380211242
S28_2022,4.565,4.575,0.659440782,0.660391098
S6_2022,9.95,10,0.997823081,1
R58_2022,1.866666667,1.866666667,0.271066772,0.271066772
R42_2022,7.39,7,0.868644438,0.84509804
R22_2022,7.323333333,7.333333333,0.864708802,0.865301426
R7_2022,2.39,2.4,0.378397901,0.380211242
Q50_2022,0.6715,0.6725,-0.172953983,-0.172307711
Q26_2022,1.983333333,2,0.297395711,0.301029996
Q5_2022,13.7,14,1.136720567,1.146128036
P50_2022,9.183333333,9.3,0.963000348,0.968482949
P36_2022,3.293333333,3.3,0.51763569,0.51851394
S27_2022,3.566666667,3.566666667,0.552262523,0.552262523
S4_2022,4.725,4.8,0.674401813,0.681241237
R57_2022,11.22,11.225,1.049992857,1.05018635
R40_2022,7.753333333,7.833333333,0.889488456,0.893946608
R21_2022,3.226666667,3.233333333,0.508754103,0.50965048
R5_2022,1.48,1.5,0.170261715,0.176091259
Q44_2022,15,15,1.176091259,1.176091259
Q25_2022,1.032666667,1.036666667,0.013960159,0.015639134
Q1_2022,3.98,4,0.599883072,0.602059991
P49_2022,1.072666667,1.086666667,0.030464785,0.036096345
P34_2022,1.474,1.5,0.168497484,0.176091259
S26_2022,1.886666667,1.9,0.275695176,0.278753601
S2_2022,9.485,9.5,0.977037335,0.977723605
R56_2022,2.28,2.3,0.357934847,0.361727836
R39_2022,3.914600279,3.97492121,0.592687423,0.599328525
R19_2022,0.258,0.26,-0.588380294,-0.585026652
Q66_2022,1.663666667,1.703333333,0.221066315,0.231299645
Q43_2022,0.206259952,0.223663048,-0.685585088,-0.650405761
Q23_2022,0.474,0.476666667,-0.324221658,-0.321785217
P66_2022,0.064333333,0.065333333,-1.191563946,-1.184865183
P45_2022,0.516666667,0.557887683,-0.286789557,-0.253453227
P32_2022,0.508666667,0.54,-0.293566721,-0.26760624
S25_2022,8.033333333,8.066666667,0.904895788,0.906694111
R66_2022,1.694259952,1.711831524,0.228980045,0.23346102
R55_2022,0.7635,0.77,-0.117190959,-0.113509275
R38_2022,3.3375,3.35,0.523421274,0.525044807
R17_2022,0.065433333,0.067666667,-1.184200955,-1.169625217
Q65_2022,10.01,10.025,1.000434077,1.001084381
Q41_2022,0.3085,0.31,-0.510744832,-0.508638306
Q18_2022,4.5825,4.625,0.661102474,0.665111737
P63_2022,,,,
P44_2022,16.45,16.5,1.216165902,1.217483944
P26_2022,7.565,7.575,0.878808932,0.879382637
S20_2022,7.32,7.35,0.864511081,0.866287339
R65_2022,2.595,2.6,0.414137362,0.414973348
R54_2022,3.096666667,3.166666667,0.490894459,0.500602351
R37_2022,5.29,5.3,0.723455672,0.72427587
R15_2022,4.751,4.79,0.67678503,0.680335513
Q62_2022,11.36,11.36666667,1.055378331,1.055633124
Q38_2022,9.873333333,9.966666667,0.994463799,0.998549934
Q17_2022,1.139333333,1.14,0.056650804,0.056904851
P62_2022,13.95,14,1.144574208,1.146128036
P42_2022,1.685,1.7,0.226599905,0.230448921
P25_2022,2.45,2.45,0.389166084,0.389166084
P5_2022,0.060066667,0.072,-1.221366468,-1.142667504
O54_2022,18.8,19,1.274157849,1.278753601
O33_2022,0.260333333,0.266666667,-0.584470221,-0.574031268
O18_2022,0.212333333,0.213333333,-0.672981822,-0.670941281
O7_2022,1.660666667,1.841221016,0.220282468,0.265105923
N57_2022,5.95,5.966666667,0.774516966,0.775731776
N44_2022,0.27325,0.2775,-0.563439829,-0.556737013
N18_2022,12.95,13,1.112269768,1.113943352
M65_2022,0.004027233,0.005033026,-2.394993231,-2.298170852
M55_2022,1.243666667,1.253333333,0.094703994,0.09806659
M37_2022,1.167333333,1.226666667,0.067194887,0.088726564
P22_2022,7.32,7.333333333,0.864511081,0.865301426
P3_2022,3.259259952,3.311831524,0.513119,0.520068236
O53_2022,0.179366667,0.183,-0.746258263,-0.73754891
O32_2022,0.61475,0.6175,-0.211301463,-0.209363038
O17_2022,9.06,9.15,0.957128198,0.961421094
O6_2022,3.343333333,3.366666667,0.524179678,0.527200119
N56_2022,4.28,4.3,0.631443769,0.633468456
N42_2022,1.207,1.2425,0.08170727,0.094296397
N16_2022,7.416666667,7.433333333,0.870208761,0.871183608
M63_2022,13,13,1.113943352,1.113943352
M52_2022,0.119,0.12,-0.924453039,-0.920818754
M35_2022,0.7245,0.7275,-0.13996161,-0.138167002
P21_2022,7.29,7.333333333,0.862727528,0.865301426
P1_2022,,,,
O52_2022,3.12,3.125,0.494154594,0.494850022
O31_2022,0.779,0.79,-0.108462542,-0.102372909
O16_2022,1.565333333,1.583333333,0.194606834,0.199572355
N66_2022,9.315,9.325,0.969182859,0.96964884
N55_2022,0.692,0.695,-0.159893906,-0.158015195
N35_2022,0.8475,0.85,-0.071860293,-0.070581074
N14_2022,0.246,0.25,-0.609064893,-0.602059991
M62_2022,1.34,1.35,0.127104798,0.130333768
M48_2022,1.011,1.026666667,0.004751156,0.011429462
M33_2022,0.1052,0.106333333,-0.97798426,-0.973330572
P19_2022,0.205013269,0.223663048,-0.688218029,-0.650405761
O66_2022,0.355,0.356666667,-0.449771647,-0.447737477
O46_2022,1.099,1.1,0.040997692,0.041392685
O30_2022,9.106666667,9.133333333,0.95935944,0.960629308
O15_2022,2.223333333,3.200733721,0.347004579,0.505249545
N65_2022,12.33333333,12.33333333,1.091080469,1.091080469
N53_2022,1.826666667,1.833333333,0.261659304,0.263241435
N34_2022,1.123333333,1.133333333,0.050508646,0.054357662
N13_2022,1.859,1.913333333,0.26927939,0.281790638
M61_2022,0.922839968,0.941221016,-0.034873605,-0.026308384
M47_2022,0.443,0.445,-0.353596274,-0.351639989
M32_2022,0.037663617,0.038916513,-1.42407798,-1.409866082
P17_2022,4.74,4.75,0.675778342,0.67669361
O64_2022,1.112,1.19,0.046104787,0.075546961
O44_2022,6.685,6.75,0.825101412,0.829303773
O29_2022,0.818333333,0.823333333,-0.087069758,-0.084424301
O13_2022,1.886666667,1.9,0.275695176,0.278753601
N62_2022,0.174,0.176666667,-0.759450752,-0.752845385
N52_2022,5.12,5.133333333,0.709269961,0.710399466
N33_2022,8.6125,8.625,0.935129235,0.935759104
N8_2022,0.524,0.525,-0.280668713,-0.279840697
M60_2022,0.0316,0.034,-1.500312917,-1.468521083
M42_2022,0.758333333,0.76,-0.120139854,-0.119186408
M29_2022,2.104629976,2.130915762,0.323175752,0.328566282
P9_2022,0.51,0.63,-0.292429824,-0.200659451
O63_2022,0.525333333,0.533333333,-0.279565042,-0.273001272
O39_2022,7.77,7.866666667,0.890421019,0.895790748
O26_2022,1.040666667,1.053333333,0.017311644,0.022565828
O12_2022,6.0525,6.075,0.781934798,0.783546282
N61_2022,1.2,1.2,0.079181246,0.079181246
N47_2022,0.902,0.941221016,-0.044793462,-0.026308384
N30_2022,2.333333333,2.333333333,0.367976785,0.367976785
N5_2022,2.5625,2.575,0.408663874,0.410777233
M59_2022,0.969666667,0.98,-0.013377533,-0.008773924
M41_2022,1.371666667,1.376666667,0.137248585,0.138828797
M26_2022,0.328,0.363415762,-0.484126156,-0.439596241
P8_2022,4.59,4.6,0.661812686,0.662757832
O62_2022,1.233,1.233333333,0.090963077,0.091080469
O35_2022,4.33,4.366666667,0.636487896,0.640150041
O25_2022,0.245666667,0.246666667,-0.609653767,-0.607889535
O9_2022,3.526666667,3.533333333,0.547364413,0.548184611
N60_2022,1.763333333,1.766666667,0.246334417,0.247154615
N46_2022,3.43,3.433333333,0.53529412,0.53571597
N28_2022,3.845,3.925,0.584896344,0.593839661
N2_2022,0.115,0.116,-0.93930216,-0.935542011
M58_2022,0.286,0.29,-0.543633967,-0.537602002
M39_2022,0.218519903,0.223663048,-0.660509,-0.650405761
M25_2022,0.66775,0.6775,-0.175386103,-0.1690907
P7_2022,0.319013617,0.347516513,-0.496190779,-0.459024554
O56_2022,0.541666667,0.543333333,-0.266267889,-0.26493365
O34_2022,7.303333333,7.333333333,0.863521123,0.865301426
O19_2022,0.256,0.26,-0.591760035,-0.585026652
O8_2022,0.218519903,0.223663048,-0.660509,-0.650405761
N59_2022,10.7675,10.775,1.03211488,1.032417279
N45_2022,0.8665,0.8675,-0.062231433,-0.061730517
N22_2022,0.776333333,0.783333333,-0.109951766,-0.106053392
N1_2022,3.476666667,3.5,0.541163054,0.544068044
M57_2022,1.3,1.3,0.113943352,0.113943352
M38_2022,0.1567,0.162258256,-0.804931004,-0.789793195
M23_2022,8.2175,8.55,0.914739713,0.931966115
M3_2022,3.46,3.475,0.539076099,0.540954809
L54_2022,2.135,2.15,0.329397879,0.33243846
L35_2022,5.455,5.475,0.736794755,0.738384124
L22_2022,0.943333333,0.993333333,-0.025334819,-0.002904991
L7_2022,4.233333333,4.233333333,0.626682466,0.626682466
K58_2022,0.209,0.21,-0.679853714,-0.677780705
K43_2022,4.556666667,4.566666667,0.65864726,0.659599312
K22_2022,1.198,1.22,0.078456818,0.086359831
K11_2022,2.61,2.625,0.416640507,0.419129308
J60_2022,4.335,4.35,0.636989102,0.638489257
J44_2022,5.383333333,5.433333333,0.731051272,0.73506635
M22_2022,1.515,1.525,0.180412633,0.183269844
M2_2022,1.19,1.2,0.075546961,0.079181246
L53_2022,1.235,1.25,0.091666958,0.096910013
L33_2022,1.195,1.2,0.077367905,0.079181246
L21_2022,0.517,0.52,-0.286509457,-0.283996656
L6_2022,1.25,1.25,0.096910013,0.096910013
K57_2022,0.194,0.231831524,-0.71219827,-0.63482751
K42_2022,0.523,0.526666667,-0.281498311,-0.278464168
K21_2022,2.25,2.266666667,0.352182518,0.355387658
K10_2022,3.963333333,4,0.5980606,0.602059991
J59_2022,,,,
J41_2022,5.435,5.45,0.735199548,0.736396502
M16_2022,1.581666667,1.59,0.199114962,0.201397124
L66_2022,4.283333333,4.3,0.631781873,0.633468456
L51_2022,4.966666667,4.966666667,0.696065014,0.696065014
L32_2022,20.56666667,20.66666667,1.313163909,1.315270435
L18_2022,4.703333333,4.733333333,0.672405759,0.67516709
L5_2022,0.8705,0.911831524,-0.060231225,-0.040085397
K56_2022,0.409506808,0.458758256,-0.387738873,-0.338416107
K40_2022,0.470666667,0.483333333,-0.327286558,-0.315753252
K18_2022,8.04,8.1,0.905256049,0.908485019
K9_2022,8.265,8.3,0.917242858,0.919078092
J57_2022,0.670666667,0.673333333,-0.173493278,-0.171769885
J40_2022,,,,
M11_2022,3.06,3.066666667,0.485721426,0.486666573
L64_2022,3.7,3.7,0.568201724,0.568201724
L50_2022,0.218519903,0.223663048,-0.660509,-0.650405761
L31_2022,8.353333333,8.366666667,0.921859812,0.922552467
L17_2022,,,,
L4_2022,0.017675744,0.018677675,-1.752622288,-1.72867718
K54_2022,2.225,2.225,0.347330015,0.347330015
K39_2022,2.656666667,2.666666667,0.424337067,0.425968732
K17_2022,10.57,10.6,1.024074987,1.025305865
K8_2022,6.125,6.15,0.787106093,0.788875116
J56_2022,12,12,1.079181246,1.079181246
J39_2022,0.14175,0.143,-0.848476932,-0.844663963
M10_2022,3.686666667,3.7,0.566633872,0.568201724
L62_2022,0.109,0.11,-0.962573502,-0.958607315
L43_2022,0.074466667,0.076,-1.128038086,-1.119186408
L27_2022,0.07025,0.07125,-1.153353671,-1.147215131
L16_2022,2.076666667,2.1,0.317366792,0.322219295
L2_2022,3.366666667,3.366666667,0.527200119,0.527200119
K48_2022,,,,
K35_2022,5.0675,5.1,0.704793757,0.707570176
K16_2022,1.05,1.1,0.021189299,0.041392685
K7_2022,2.24,2.25,0.350248018,0.352182518
J55_2022,12.33333333,12.33333333,1.091080469,1.091080469
J38_2022,1.25875,1.3175,0.099939484,0.119750624
M7_2022,6.7525,6.775,0.829464593,0.8309093
L58_2022,3.89,3.9,0.589949601,0.591064607
L41_2022,2.74,2.75,0.437750563,0.439332694
L26_2022,6.7,6.8,0.826074803,0.832508913
L15_2022,1.299666667,1.3,0.11383198,0.113943352
K65_2022,2.4575,2.475,0.390493527,0.393575203
K47_2022,1.262,1.273333333,0.101059355,0.104942108
K32_2022,9.29,6.8,0.968015714,0.832508913
K15_2022,0.580259952,0.586831524,-0.236377402,-0.231486564
K6_2022,6.6575,6.675,0.823311175,0.82445127
J53_2022,0.8545,0.87,-0.068287933,-0.060480747
J37_2022,8.783333333,8.8,0.943659365,0.944482672
M6_2022,5.165,5.2,0.713070326,0.716003344
L57_2022,5.14,5.15,0.710963119,0.711807229
L39_2022,1.0315,1.035,0.013469232,0.01494035
L25_2022,11.195,11.35,1.049024098,1.054995862
L10_2022,2.563333333,2.566666667,0.408805085,0.40936947
K63_2022,8.2675,8.3,0.917374204,0.919078092
K46_2022,0.169,0.17,-0.772113295,-0.769551079
K31_2022,5.9825,6,0.776882707,0.77815125
K14_2022,0.22,0.221,-0.657577319,-0.655607726
K1_2022,1.89,1.9,0.276461804,0.278753601
J52_2022,5.465,5.475,0.737590166,0.738384124
J36_2022,2.586666667,2.6,0.412740467,0.414973348
M5_2022,1.241666667,1.253333333,0.094005022,0.09806659
L56_2022,9.945,9.95,0.997604787,0.997823081
L36_2022,0.6035,0.615,-0.219322726,-0.211124884
L24_2022,13,13,1.113943352,1.113943352
L9_2022,0.6705,0.6825,-0.173601218,-0.165897344
K61_2022,9.936666667,10,0.997240721,1
K45_2022,0.913,0.9225,-0.039529222,-0.035033625
K30_2022,0.179,0.18,-0.747146969,-0.744727495
K12_2022,6.73,6.75,0.828015064,0.829303773
J65_2022,2.439259952,2.461831524,0.387258086,0.391258329
J45_2022,,,,
J35_2022,6.135,6.15,0.787814567,0.788875116
J24_2022,0.003984822,0.005033026,-2.399591065,-2.298170852
J13_2022,2.84,2.85,0.45331834,0.45484486
I42_2022,1.099,1.145,0.040997692,0.058805487
I22_2022,0.229333333,0.233333333,-0.639532816,-0.632023215
I8_2022,2.6375,2.65,0.421192468,0.423245874
H62_2022,5.94,5.95,0.773786445,0.774516966
H42_2022,3.37,3.4,0.527629901,0.531478917
H1_2022,,,,
G43_2022,3.7,3.7,0.568201724,0.568201724
G25_2022,12.33333333,12.33333333,1.091080469,1.091080469
G16_2022,4.926666667,5.033333333,0.692553179,0.701855693
J34_2022,0.82275,0.8275,-0.084732109,-0.082231998
J23_2022,0.985666667,0.986666667,-0.00626993,-0.005829544
J10_2022,0.13615,0.1425,-0.865982354,-0.846185136
I38_2022,0.1295,0.1305,-0.887730232,-0.884389488
I18_2022,0.435,0.4475,-0.361510743,-0.34920696
I6_2022,8.8275,8.875,0.945837726,0.948168362
H61_2022,8.69,8.7,0.939019776,0.939519253
H41_2022,4.16,4.2,0.619093331,0.62324929
G66_2022,9.15,9.2,0.961421094,0.963787827
G42_2022,0.959,0.96,-0.018181393,-0.017728767
G24_2022,1.346666667,1.366666667,0.12926011,0.135662602
G12_2022,10.1475,10.15,1.00635906,1.006466042
J32_2022,4.2175,4.3,0.625055091,0.633468456
J21_2022,0.79525,0.8,-0.099496322,-0.096910013
J6_2022,0.010866667,0.011866667,-1.963903655,-1.925671257
I34_2022,1.796666667,1.8,0.25446751,0.255272505
I14_2022,3.2675,3.275,0.514215596,0.515211304
I4_2022,3.9375,3.975,0.595220567,0.599337133
H59_2022,4.746666667,4.766666667,0.676388735,0.678214783
H32_2022,4.715,4.75,0.673481697,0.67669361
G62_2022,5.375,5.375,0.730378469,0.730378469
G41_2022,9.47,9.533333333,0.976349979,0.979244778
G23_2022,7.396666667,7.433333333,0.869036048,0.871183608
G5_2022,2.706333333,2.733333333,0.432381287,0.436692598
J31_2022,2.36,2.375,0.372912003,0.375663614
J19_2022,0.21375,0.215,-0.670093877,-0.66756154
I66_2022,5.1775,5.225,0.714120108,0.718086295
I33_2022,1.03925,1.045,0.016720033,0.01911629
I13_2022,0.306759952,0.375247286,-0.513201339,-0.42568244
I3_2022,0.9905,0.9925,-0.00414552,-0.003269485
H58_2022,5.725,5.75,0.757775491,0.759667845
H21_2022,,,,
G61_2022,0.029,0.03,-1.537602002,-1.522878745
G40_2022,2.156666667,2.166666667,0.333783026,0.335792102
G22_2022,12.3825,12.475,1.092808337,1.096040554
G3_2022,1.196173301,1.207887683,0.077794105,0.082026553
J29_2022,0.466666667,0.476666667,-0.330993219,-0.321785217
J17_2022,0.8515,0.86,-0.069815348,-0.065501549
I56_2022,8.323333333,8.433333333,0.920297288,0.925999266
I32_2022,6.973333333,7,0.843440425,0.84509804
I12_2022,1.208666667,1.233333333,0.082306545,0.091080469
I2_2022,0.6245,0.63,-0.204467557,-0.200659451
H57_2022,6.7775,6.8,0.831069526,0.832508913
H11_2022,6.686666667,6.7,0.825209674,0.826074803
G58_2022,10.05666667,10.1,1.002454055,1.004321374
G39_2022,0.004027233,0.005033026,-2.394993231,-2.298170852
G21_2022,11.93333333,12,1.076761772,1.079181246
G2_2022,2.326666667,2.333333333,0.366734168,0.367976785
J28_2022,2.546666667,2.566666667,0.405972104,0.40936947
J16_2022,0.237889928,0.242747286,-0.623623946,-0.614845617
I54_2022,0.590333333,0.593333333,-0.228902694,-0.226701252
I31_2022,3.78,3.8,0.5774918,0.579783597
I11_2022,4.803333333,4.866666667,0.681542726,0.687231601
I1_2022,0.37225,0.375,-0.429165294,-0.425968732
H54_2022,0.289759952,0.294331524,-0.537961639,-0.531163221
H7_2022,1.113333333,1.116666667,0.046625212,0.047923552
G52_2022,0.465333333,0.466666667,-0.332235836,-0.330993219
G37_2022,2.54,2.6,0.404833717,0.414973348
G20_2022,2.332839968,2.341221016,0.367884947,0.369442414
F65_2022,0.7565,0.7575,-0.121191068,-0.120617363
J27_2022,1.1975,1.2,0.078275522,0.079181246
J15_2022,0.129,0.13,-0.88941029,-0.886056648
I46_2022,11.33333333,11.33333333,1.054357662,1.054357662
I30_2022,0.07895,0.081,-1.102647866,-1.091514981
I10_2022,3.265,3.275,0.513883186,0.515211304
H66_2022,10.59,10.65,1.02489596,1.027349608
H50_2022,11.8325,11.925,1.073076513,1.076458388
H3_2022,2.973333333,3,0.4732436,0.477121255
G47_2022,2.723333333,2.733333333,0.435100802,0.436692598
G31_2022,6.356666667,6.366666667,0.803229438,0.803912113
G19_2022,2.433333333,2.433333333,0.386201605,0.386201605
F61_2022,6.9,6.9,0.838849091,0.838849091
J26_2022,0.685,0.7,-0.164309429,-0.15490196
J14_2022,0.768,0.78,-0.11463878,-0.107905397
I45_2022,,,,
I27_2022,0.09185,0.094,-1.036920839,-1.026872146
I9_2022,3.32,3.325,0.521138084,0.52179165
H64_2022,8.51,8.566666667,0.92992956,0.932811869
H43_2022,2.063333333,2.1,0.314569394,0.322219295
H2_2022,1.936666667,1.966666667,0.287054878,0.293730757
G46_2022,3.893333333,3.933333333,0.590321588,0.594760753
G27_2022,3.09,3.1,0.489958479,0.491361694
G17_2022,2.8975,2.9,0.462023445,0.462397998
F55_2022,4.57,4.6,0.6599162,0.662757832
