ANON_ID,Run_year,Sample_date,Nitrate as N_mean,"Nitrogen, Total Oxidised as N_mean"
J9_2021,2021.0,2021-09-10,0.254,0.255
K5_2021,2021.0,2021-09-06,2.34,2.35
J51_2021,2021.0,2021-09-03,0.0041848220769789,0.0051886837978042
G34_2021,2021.0,2021-10-26,,
D45_2021,2021.0,2021-09-16,0.0048636165577342,0.0058665128483532
P63_2021,2021.0,2021-09-22,5.486666666666667,5.5
D38_2021,2021.0,2021-09-15,0.16525,0.16625
R66_2021,2021.0,2021-05-13,,
I16_2021,2021.0,2021-09-08,0.249,0.25
P53_2021,2021.0,2021-09-22,0.0175,0.02
Q44_2021,2021.0,2021-11-11,0.5589999999999999,0.56
P60_2021,2021.0,2021-09-22,0.0040272331154684,0.0050330256967064
I13_2021,2021.0,2021-09-08,9.083333333333334,9.1
F19_2021,2021.0,2021-09-28,0.0013700006011963,0.0051553504644709
D51_2021,2021.0,2021-09-15,0.2689999999999999,0.2699999999999999
I29_2021,2021.0,2021-09-08,,
T11_2021,2021.0,2021-09-15,8.01,8.075
D46_2021,2021.0,2021-03-17,,
H21_2021,2021.0,2021-09-01,6.952500000000001,7.025
L39_2021,2021.0,2021-10-14,11.7,11.75
P15_2021,2021.0,2021-11-16,0.0090499999999999,0.01005
P45_2021,2021.0,2021-09-22,4.549,4.613333333333333
F45_2021,2021.0,2021-09-23,0.359,0.36
U21_2023,2023.0,2023-11-17,6.7775,6.825
U57_2023,2023.0,2023-11-09,0.20145,0.2025
U19_2023,2023.0,2023-11-14,5.33283996783273,5.3745543492829375
U51_2023,2023.0,2023-11-30,2.23,2.233333333333333
U14_2023,2023.0,2023-11-15,10.186666666666667,10.266666666666667
U46_2023,2023.0,2023-11-30,0.556,0.56
U12_2023,2023.0,2023-11-22,1.9966666666666668,2.0
U44_2023,2023.0,2023-11-16,5.623333333333334,5.733333333333333
U7_2023,2023.0,2023-11-14,2.220666666666667,2.23
U35_2023,2023.0,2023-11-06,2.653333333333333,2.6666666666666665
U4_2023,2023.0,2023-11-17,5.346666666666667,5.366666666666667
U31_2023,2023.0,2023-11-14,2.010333333333333,2.02
U2_2023,2023.0,2023-11-16,3.856666666666667,3.866666666666667
U27_2023,2023.0,2023-11-16,6.05,6.066666666666667
T52_2023,2023.0,2023-11-24,1.5933333333333335,1.6000000000000003
O17_2023,2023.0,2023-09-06,1.90325,1.915
O8_2023,2023.0,2023-09-07,6.516666666666667,6.633333333333333
N61_2023,2023.0,2023-10-02,0.044,0.0453333333333333
N49_2023,2023.0,2023-09-29,2.513333333333333,2.6333333333333333
N39_2023,2023.0,2023-09-14,6.863333333333333,6.966666666666666
N26_2023,2023.0,2023-10-16,0.1533333333333333,0.1543333333333333
N15_2023,2023.0,2023-11-01,0.354,0.3718315239244067
N2_2023,2023.0,2023-09-27,1.3533333333333333,1.3666666666666665
M57_2023,2023.0,2023-10-17,4.303333333333334,4.333333333333333
T10_2023,2023.0,2023-11-10,0.44125,0.445
O29_2023,2023.0,2023-09-15,4.4350000000000005,4.449999999999999
O16_2023,2023.0,2023-09-08,2.8825,2.95
O7_2023,2023.0,2023-09-08,2.766666666666667,2.766666666666667
N59_2023,2023.0,2023-10-02,9.206666666666669,9.3
N46_2023,2023.0,2023-09-15,2.8866666666666667,2.9
N37_2023,2023.0,2023-09-14,0.7160000000000001,0.73
N25_2023,2023.0,2023-10-16,6.016666666666666,6.033333333333334
N14_2023,2023.0,2023-10-31,8.39,8.4
N1_2023,2023.0,2023-10-06,0.0953499999999999,0.0963499999999999
M56_2023,2023.0,2023-10-17,4.82,4.866666666666666
T41_2023,2023.0,2023-11-23,6.59,6.633333333333333
O37_2023,2023.0,2023-09-13,6.3566666666666665,6.366666666666667
O28_2023,2023.0,2023-09-15,0.902,0.91
O15_2023,2023.0,2023-09-08,0.964,0.994554349282938
O6_2023,2023.0,2023-09-07,4.18,4.2
N45_2023,2023.0,2023-09-15,8.25,8.266666666666667
N36_2023,2023.0,2023-10-16,2.4933333333333336,2.5000000000000004
N22_2023,2023.0,2023-10-25,4.123333333333334,4.133333333333333
N11_2023,2023.0,2023-10-24,2.65,2.6666666666666665
M66_2023,2023.0,2023-10-06,2.195,2.2
M54_2023,2023.0,2023-10-11,4.63,4.65
T40_2023,2023.0,2023-11-23,8.236666666666666,8.299999999999999
O36_2023,2023.0,2023-09-13,4.522333333333333,4.529999999999999
O24_2023,2023.0,2023-09-07,8.696666666666665,8.733333333333333
O14_2023,2023.0,2023-09-08,1.54,1.55
O5_2023,2023.0,2023-09-06,1.2,1.2
N56_2023,2023.0,2023-09-14,0.5523333333333333,0.5533333333333333
N44_2023,2023.0,2023-09-15,3.09,3.1
N35_2023,2023.0,2023-10-17,7.5865,7.6118315239244065
N21_2023,2023.0,2023-10-25,1.83,1.85
N8_2023,2023.0,2023-10-23,0.123,0.124
M64_2023,2023.0,2023-10-09,0.4135666666666666,0.415
M49_2023,2023.0,2023-10-11,3.1425,3.15
T35_2023,2023.0,2023-11-23,8.706666666666667,8.733333333333334
O35_2023,2023.0,2023-09-13,3.2740000000000005,3.28
O23_2023,2023.0,2023-09-07,1.7033333333333331,1.7333333333333334
O13_2023,2023.0,2023-09-08,2.2,2.2
O1_2023,2023.0,2023-10-12,7.786666666666666,7.8
N55_2023,2023.0,2023-09-14,2.14,2.2333333333333334
N43_2023,2023.0,2023-09-15,0.2893333333333334,0.2933333333333334
N31_2023,2023.0,2023-10-16,0.344,0.3466666666666667
N20_2023,2023.0,2023-10-26,2.3666666666666667,2.4
N7_2023,2023.0,2023-10-31,7.992500000000001,8.025
M63_2023,2023.0,2023-10-09,8.692499999999999,8.7
M47_2023,2023.0,2023-10-12,4.823333333333333,4.833333333333334
T34_2023,2023.0,2023-11-22,0.4265,0.4275
O34_2023,2023.0,2023-09-13,0.3222666666666666,0.3246666666666666
O22_2023,2023.0,2023-09-07,3.49,3.5
O12_2023,2023.0,2023-09-08,5.61,5.966666666666668
N64_2023,2023.0,2023-10-02,0.063,0.064
N54_2023,2023.0,2023-09-14,,
N42_2023,2023.0,2023-09-14,3.653333333333333,3.6666666666666665
N30_2023,2023.0,2023-10-16,0.1686666666666666,0.17
N19_2023,2023.0,2023-10-23,0.1755333333333333,0.1766666666666666
N5_2023,2023.0,2023-10-27,5.5200000000000005,5.533333333333334
M62_2023,2023.0,2023-10-09,6.630000000000001,6.65
M46_2023,2023.0,2023-10-12,0.2664999999999999,0.2675
T31_2023,2023.0,2023-11-22,0.74575,0.7475
O33_2023,2023.0,2023-09-19,3.6,3.6
O20_2023,2023.0,2023-10-12,3.356666666666667,3.3666666666666667
O11_2023,2023.0,2023-09-08,0.2015099517490952,0.2236630478488135
N63_2023,2023.0,2023-10-02,1.8633333333333333,1.8666666666666665
N53_2023,2023.0,2023-09-14,2.926666666666667,2.9333333333333336
N41_2023,2023.0,2023-09-14,2.6266666666666665,2.6333333333333333
N28_2023,2023.0,2023-09-15,3.882,3.936666666666667
N17_2023,2023.0,2023-10-24,0.119,0.12
N4_2023,2023.0,2023-10-27,5.31,5.4
M60_2023,2023.0,2023-10-17,,
M45_2023,2023.0,2023-10-12,0.27375,0.275
T20_2023,2023.0,2023-11-08,,
O32_2023,2023.0,2023-09-19,0.2185199034981904,0.2236630478488135
O19_2023,2023.0,2023-10-13,8.856666666666666,8.866666666666667
O9_2023,2023.0,2023-09-07,0.7464999999999999,0.75
N62_2023,2023.0,2023-10-02,0.139,0.14
N50_2023,2023.0,2023-09-29,1.09,1.1
N40_2023,2023.0,2023-09-14,3.36,3.4
N27_2023,2023.0,2023-09-15,1.7653333333333334,1.84
N3_2023,2023.0,2023-10-31,4.696666666666666,4.7
M58_2023,2023.0,2023-10-17,0.15975,0.16075
M43_2023,2023.0,2023-10-09,4.6,4.6
T14_2023,2023.0,2023-11-09,3.335,3.35
O30_2023,2023.0,2023-09-18,1.12,1.2
O18_2023,2023.0,2023-05-25,2.8,2.8
M8_2023,2023.0,2023-09-25,2.9133333333333336,2.9333333333333336
L64_2023,2023.0,2023-10-05,0.0477666666666666,0.051
L47_2023,2023.0,2023-10-04,0.1407,0.1456666666666666
L32_2023,2023.0,2023-09-28,2.75,2.75
L20_2023,2023.0,2023-09-29,1.7266666666666666,1.7333333333333334
L9_2023,2023.0,2023-10-30,6.366666666666667,6.4
K48_2023,2023.0,2023-09-12,2.3800000000000003,2.4
J47_2023,2023.0,2023-09-12,,
J31_2023,2023.0,2023-09-04,0.2259,0.2327499999999999
M28_2023,2023.0,2023-09-26,7.8125,7.825
M18_2023,2023.0,2023-09-19,5.239999999999999,5.275
M6_2023,2023.0,2023-09-25,0.2556666666666666,0.2566666666666666
L63_2023,2023.0,2023-09-27,3.2066666666666666,3.233333333333333
L45_2023,2023.0,2023-09-29,0.7756799356654603,0.782442031899209
L30_2023,2023.0,2023-09-27,1.54,1.55
L16_2023,2023.0,2023-10-31,2.74,2.9
L8_2023,2023.0,2023-10-27,11.7,12.0
K38_2023,2023.0,2023-10-23,3.0250000000000004,3.0250000000000004
J45_2023,2023.0,2023-09-11,4.3133333333333335,4.333333333333333
J30_2023,2023.0,2023-09-06,6.8825,6.9
M40_2023,2023.0,2023-10-10,12.8,13.0
M27_2023,2023.0,2023-09-28,3.473333333333333,3.5333333333333337
M16_2023,2023.0,2023-09-20,2.4,2.4
M5_2023,2023.0,2023-09-25,0.0118,0.0139999999999999
L61_2023,2023.0,2023-09-27,0.3598399678327301,0.3645543492829379
L44_2023,2023.0,2023-09-27,1.6846666666666668,1.6900000000000002
L29_2023,2023.0,2023-09-29,2.223333333333333,2.2333333333333334
L15_2023,2023.0,2023-10-30,2.0,2.0
L5_2023,2023.0,2023-10-18,2.12,2.1333333333333333
K37_2023,2023.0,2023-09-14,0.7157500000000001,0.7175
J44_2023,2023.0,2023-09-12,0.664,0.6699999999999999
J28_2023,2023.0,2023-09-05,8.415,8.425
M38_2023,2023.0,2023-10-09,8.857500000000002,8.875
M26_2023,2023.0,2023-10-09,1.4500000000000002,1.4500000000000002
M15_2023,2023.0,2023-09-20,2.99,3.0
M4_2023,2023.0,2023-09-25,0.0119333333333333,0.0133553504644709
L56_2023,2023.0,2023-09-26,0.786,0.79
L43_2023,2023.0,2023-09-26,0.1713333333333333,0.1733333333333333
L28_2023,2023.0,2023-09-28,1.1986666666666668,1.2033333333333334
L14_2023,2023.0,2023-10-18,1.539,1.5826666666666669
L2_2023,2023.0,2023-10-18,12.125,12.25
J63_2023,2023.0,2023-09-12,0.2023333333333333,0.2066666666666666
J43_2023,2023.0,2023-09-12,6.390000000000001,6.4
J27_2023,2023.0,2023-09-05,8.75,8.766666666666667
M36_2023,2023.0,2023-10-10,0.3216,0.3236666666666667
M24_2023,2023.0,2023-09-27,2.2433333333333336,2.266666666666667
M14_2023,2023.0,2023-09-21,1.322,1.3666666666666665
M3_2023,2023.0,2023-09-25,1.2,1.2
L55_2023,2023.0,2023-10-04,3.846666666666666,3.8666666666666663
L40_2023,2023.0,2023-10-05,14.5,14.5
L26_2023,2023.0,2023-10-20,1.104,1.1233333333333333
L13_2023,2023.0,2023-10-19,3.985,4.0
K66_2023,2023.0,2023-09-27,0.4316666666666666,0.44
J60_2023,2023.0,2023-09-11,1.3445,1.345
J42_2023,2023.0,2023-09-12,0.013,0.014
J25_2023,2023.0,2023-09-04,6.756666666666667,6.866666666666667
M34_2023,2023.0,2023-09-26,2.0333333333333337,2.0333333333333337
M23_2023,2023.0,2023-09-27,12.933333333333332,13.0
M13_2023,2023.0,2023-09-21,12.3,12.333333333333334
M2_2023,2023.0,2023-09-26,0.0643333333333333,0.0653333333333333
L54_2023,2023.0,2023-09-26,0.3023333333333333,0.3033333333333334
L39_2023,2023.0,2023-10-06,7.590000000000001,7.6
L25_2023,2023.0,2023-10-19,0.7456666666666667,0.7466666666666666
L12_2023,2023.0,2023-10-19,3.8233333333333337,3.8333333333333335
K65_2023,2023.0,2023-09-27,4.308000000000001,4.326666666666667
J56_2023,2023.0,2023-09-11,3.31,3.325
J36_2023,2023.0,2023-09-06,4.956666666666666,4.966666666666667
J22_2023,2023.0,2023-09-05,4.5375,4.7
M32_2023,2023.0,2023-10-05,2.43,2.4333333333333336
M21_2023,2023.0,2023-09-19,15.296666666666669,15.4
M12_2023,2023.0,2023-09-21,2.306666666666666,2.3666666666666667
M1_2023,2023.0,2023-09-25,2.75,2.766666666666667
L53_2023,2023.0,2023-10-05,0.529,0.53
L37_2023,2023.0,2023-09-26,0.6835,0.69
L24_2023,2023.0,2023-10-19,0.0604666666666666,0.0616666666666666
L11_2023,2023.0,2023-10-19,1.842,1.85
K55_2023,2023.0,2023-10-12,7.126666666666666,7.133333333333333
J54_2023,2023.0,2023-09-12,3.5175,3.525
J35_2023,2023.0,2023-09-06,4.715,4.75
J19_2023,2023.0,2023-09-04,3.5425,3.6
M31_2023,2023.0,2023-10-10,3.003333333333334,3.0333333333333337
M20_2023,2023.0,2023-09-19,0.2256666666666666,0.2299999999999999
M11_2023,2023.0,2023-09-22,3.523333333333333,3.533333333333333
L65_2023,2023.0,2023-10-06,3.2466666666666666,3.266666666666667
L50_2023,2023.0,2023-09-26,1.6033333333333333,1.6333333333333335
L35_2023,2023.0,2023-10-10,0.2890132689987936,0.2991086985658757
L10_2023,2023.0,2023-10-27,0.4456666666666666,0.4466666666666666
K49_2023,2023.0,2023-09-11,3.4750000000000005,3.5
J48_2023,2023.0,2023-09-12,2.64,2.65
J32_2023,2023.0,2023-09-04,5.193333333333333,5.2
M29_2023,2023.0,2023-10-04,4.08,4.166666666666667
M19_2023,2023.0,2023-09-19,8.856666666666667,8.9
M9_2023,2023.0,2023-09-22,3.796666666666667,3.8666666666666663
G41_2023,2023.0,2023-05-23,4.225,4.25
F63_2023,2023.0,2023-05-22,7.65,7.7
F38_2023,2023.0,2023-03-23,0.2923333333333333,0.2933333333333333
F9_2023,2023.0,2023-05-15,4.8133333333333335,4.833333333333333
E61_2023,2023.0,2023-05-18,0.184,0.185
E15_2023,2023.0,2023-04-26,6.223333333333334,6.266666666666667
D39_2023,2023.0,2023-04-04,2.1966666666666668,2.2
D8_2023,2023.0,2023-04-06,5.8875,5.925
C58_2023,2023.0,2023-03-29,3.94,3.95
I11_2023,2023.0,2023-05-31,3.02,3.033333333333333
H14_2023,2023.0,2023-05-30,,
G40_2023,2023.0,2023-05-23,0.5456666666666666,0.5466666666666666
F62_2023,2023.0,2023-05-19,10.776666666666666,10.933333333333332
F34_2023,2023.0,2023-05-15,8.723333333333333,8.733333333333333
E59_2023,2023.0,2023-05-22,16.5,16.5
E8_2023,2023.0,2023-04-26,6.313333333333333,6.333333333333333
D35_2023,2023.0,2023-04-04,3.033333333333333,3.033333333333333
D5_2023,2023.0,2023-04-06,6.565,6.575
C57_2023,2023.0,2023-03-30,3.3233333333333337,3.333333333333333
J9_2023,2023.0,2023-09-04,0.6686666666666667,0.6699999999999999
I10_2023,2023.0,2023-05-24,8.52,8.55
H4_2023,2023.0,2023-05-23,5.776666666666667,5.8
G38_2023,2023.0,2023-05-22,2.06,2.0666666666666664
F59_2023,2023.0,2023-05-11,0.8205,0.8225
F31_2023,2023.0,2023-05-12,4.01,4.1
E54_2023,2023.0,2023-05-23,7.936666666666666,7.999999999999999
D66_2023,2023.0,2023-04-20,1.5733333333333333,1.6666666666666667
D30_2023,2023.0,2023-04-04,0.1083333333333333,0.1093333333333333
C65_2023,2023.0,2023-03-29,0.2556666666666666,0.2566666666666666
C56_2023,2023.0,2023-03-31,5.796666666666667,5.8
J5_2023,2023.0,2023-09-05,0.0214333333333333,0.0226
I9_2023,2023.0,2023-05-24,5.9750000000000005,6.0
H1_2023,2023.0,2023-05-19,11.32,11.333333333333334
G16_2023,2023.0,2023-05-19,5.065,5.1
F56_2023,2023.0,2023-03-23,4.74,4.75
F25_2023,2023.0,2023-05-09,2.68,2.7
F5_2023,2023.0,2023-04-14,3.286666666666666,3.333333333333333
E42_2023,2023.0,2023-04-27,2.895,2.9
D50_2023,2023.0,2023-04-04,8.62,8.700000000000001
D22_2023,2023.0,2023-04-04,5.776666666666666,5.8
C64_2023,2023.0,2023-03-29,18.53333333333333,18.666666666666668
C51_2023,2023.0,2023-03-30,3.517666666666667,3.52
I53_2023,2023.0,2023-05-18,3.19,3.2
H52_2023,2023.0,2023-05-31,6.67,6.7
G65_2023,2023.0,2023-05-24,3.0,3.0
G10_2023,2023.0,2023-05-17,8.553333333333333,8.566666666666666
F55_2023,2023.0,2023-03-23,17.666666666666668,17.666666666666668
F24_2023,2023.0,2023-05-12,0.696,0.7
E66_2023,2023.0,2023-05-23,6.16,6.2
E31_2023,2023.0,2023-05-04,1.8733333333333333,1.9
D45_2023,2023.0,2023-04-04,1.4436666666666664,1.4666666666666668
D21_2023,2023.0,2023-03-29,4.535,4.55
C63_2023,2023.0,2023-03-30,0.0593333333333333,0.0603333333333333
C50_2023,2023.0,2023-03-31,0.289,0.29
I36_2023,2023.0,2023-05-25,0.2185199034981904,0.2236630478488135
H38_2023,2023.0,2023-06-02,5.086666666666667,5.1000000000000005
G63_2023,2023.0,2023-05-16,4.7275,4.75
G6_2023,2023.0,2023-05-17,1.99,2.0
F53_2023,2023.0,2023-05-11,3.285,3.3
F23_2023,2023.0,2023-05-09,0.6033333333333334,0.6066666666666668
E64_2023,2023.0,2023-05-23,4.276666666666666,4.3
E30_2023,2023.0,2023-05-04,1.5750000000000002,1.5750000000000002
D44_2023,2023.0,2023-04-04,2.776666666666667,2.833333333333333
D18_2023,2023.0,2023-03-31,0.79,0.7966666666666665
C62_2023,2023.0,2023-03-31,0.0796666666666666,0.0806666666666666
C49_2023,2023.0,2023-03-31,0.2716666666666666,0.2733333333333334
I26_2023,2023.0,2023-05-18,7.89,7.9
H23_2023,2023.0,2023-05-30,0.08,0.081
G61_2023,2023.0,2023-05-31,1.139,1.14
F66_2023,2023.0,2023-05-19,10.96,10.966666666666669
F46_2023,2023.0,2023-05-09,0.968,0.985
F18_2023,2023.0,2023-05-12,5.0633333333333335,5.1000000000000005
E63_2023,2023.0,2023-05-23,5.076666666666667,5.1000000000000005
E29_2023,2023.0,2023-05-04,11.5,11.5
D43_2023,2023.0,2023-04-04,3.21,3.25
D16_2023,2023.0,2023-04-03,5.425,5.449999999999999
C60_2023,2023.0,2023-03-29,3.033333333333333,3.0666666666666664
C48_2023,2023.0,2023-03-28,2.0966666666666662,2.1
I21_2023,2023.0,2023-05-24,4.445,4.449999999999999
H20_2023,2023.0,2023-05-30,4.19,4.2
G57_2023,2023.0,2023-05-25,0.119,0.12
F65_2023,2023.0,2023-05-19,7.003333333333334,7.033333333333334
F44_2023,2023.0,2023-03-23,3.333333333333333,3.333333333333333
F11_2023,2023.0,2023-05-10,1.4,1.4
E62_2023,2023.0,2023-05-23,4.513333333333333,4.533333333333332
E19_2023,2023.0,2023-05-09,11.8,12.0
D40_2023,2023.0,2023-04-04,0.4723333333333333,0.4733333333333333
D10_2023,2023.0,2023-03-29,10.03,10.1
C59_2023,2023.0,2023-03-29,0.365,0.3666666666666667
C47_2023,2023.0,2023-03-29,8.02,8.033333333333333
I19_2023,2023.0,2023-05-31,0.288,0.29
H19_2023,2023.0,2023-05-30,1.008,1.01
G56_2023,2023.0,2023-05-31,0.027,0.028
B47_2023,2023.0,2023-03-03,0.7056666666666667,0.7066666666666667
B34_2023,2023.0,2023-03-01,9.94,10.0
B23_2023,2023.0,2023-03-10,4.283333333333334,4.3
B14_2023,2023.0,2023-03-07,0.2586666666666666,0.2596666666666666
A65_2023,2023.0,2023-03-28,5.656666666666666,5.666666666666667
A52_2023,2023.0,2023-03-12,2.3,2.3
A42_2023,2023.0,2023-03-21,4.38,4.4
A29_2023,2023.0,2023-03-17,3.353333333333333,3.3666666666666667
A13_2023,2023.0,2023-03-15,3.1633333333333336,3.1666666666666665
C24_2023,2023.0,2023-04-05,4.6,4.625
B64_2023,2023.0,2023-03-02,13.75,13.75
B44_2023,2023.0,2023-03-01,9.53,9.6
B33_2023,2023.0,2023-03-28,1.599506634499397,1.607887682616271
B22_2023,2023.0,2023-03-09,1.4333333333333331,1.4333333333333331
B12_2023,2023.0,2023-03-06,2.79,2.8000000000000003
A64_2023,2023.0,2023-03-28,5.623333333333332,5.633333333333333
A51_2023,2023.0,2023-03-27,3.25,3.25
A40_2023,2023.0,2023-03-21,20.666666666666668,20.666666666666668
A27_2023,2023.0,2023-03-16,1.12475,1.125
A12_2023,2023.0,2023-03-15,14.953333333333331,15.0
C46_2023,2023.0,2023-03-29,2.7300000000000004,2.733333333333333
C20_2023,2023.0,2023-04-05,4.23,4.25
B62_2023,2023.0,2023-03-02,1.7333333333333332,1.7333333333333332
B43_2023,2023.0,2023-03-01,1.3333333333333333,1.3333333333333333
B31_2023,2023.0,2023-03-10,4.445,4.449999999999999
B21_2023,2023.0,2023-03-08,0.619,0.6233333333333334
B10_2023,2023.0,2023-03-07,6.53,6.533333333333334
A62_2023,2023.0,2023-03-28,1.1233333333333333,1.1333333333333333
A50_2023,2023.0,2023-03-27,10.656666666666666,10.7
A39_2023,2023.0,2023-03-21,0.6836666666666668,0.6866666666666666
A25_2023,2023.0,2023-03-16,4.556666666666666,4.566666666666666
A10_2023,2023.0,2023-03-15,1.7966666666666669,1.8
C44_2023,2023.0,2023-03-31,0.4956666666666667,0.5
C19_2023,2023.0,2023-04-05,1.831,1.8666666666666665
B61_2023,2023.0,2023-03-01,2.8000000000000003,2.8000000000000003
B42_2023,2023.0,2023-03-03,3.516666666666667,3.533333333333333
B30_2023,2023.0,2023-03-11,7.944999999999999,7.95
B20_2023,2023.0,2023-03-08,7.9975,8.0
B5_2023,2023.0,2023-03-07,0.7789999999999999,0.7799999999999999
A60_2023,2023.0,2023-03-28,2.0,2.0
A49_2023,2023.0,2023-03-27,0.1456666666666666,0.1466666666666666
A38_2023,2023.0,2023-03-21,4.640000000000001,4.65
A24_2023,2023.0,2023-03-16,6.616666666666667,6.633333333333333
A9_2023,2023.0,2023-03-15,0.0040272331154684,0.0050330256967064
C41_2023,2023.0,2023-03-29,13.3,13.333333333333334
B59_2023,2023.0,2023-03-03,5.8625,5.9
B41_2023,2023.0,2023-03-03,0.8023333333333333,0.8033333333333333
B29_2023,2023.0,2023-03-07,0.5323333333333333,0.5333333333333333
B19_2023,2023.0,2023-03-10,10.196666666666667,10.2
A59_2023,2023.0,2023-03-28,9.616666666666667,9.633333333333333
A48_2023,2023.0,2023-03-27,0.4333333333333333,0.4366666666666667
A37_2023,2023.0,2023-03-21,11.74,11.833333333333334
A22_2023,2023.0,2023-03-16,1.7263333333333335,1.7266666666666666
C39_2023,2023.0,2023-03-30,1.7,1.7
C16_2023,2023.0,2023-04-05,7.997500000000001,8.000000000000002
B58_2023,2023.0,2023-03-02,2.19,2.2
B39_2023,2023.0,2023-03-02,3.73,3.75
B28_2023,2023.0,2023-03-13,4.3133333333333335,4.333333333333333
B18_2023,2023.0,2023-03-07,9.0925,9.2
B3_2023,2023.0,2023-03-06,0.6393333333333332,0.6433333333333332
A57_2023,2023.0,2023-03-23,12.346666666666666,12.366666666666667
A47_2023,2023.0,2023-03-24,8.076666666666666,8.1
A33_2023,2023.0,2023-03-20,0.8273333333333334,0.8300000000000001
A21_2023,2023.0,2023-03-16,5.706666666666667,5.733333333333333
A7_2023,2023.0,2023-03-15,3.75,3.75
C38_2023,2023.0,2023-03-31,0.359,0.36
C9_2023,2023.0,2023-04-04,10.643333333333333,10.666666666666666
B56_2023,2023.0,2023-03-02,0.9593333333333334,0.96
B38_2023,2023.0,2023-03-02,4.033333333333334,4.033333333333334
B27_2023,2023.0,2023-03-10,9.723333333333334,9.733333333333333
B16_2023,2023.0,2023-03-07,0.419,0.4200000000000001
B2_2023,2023.0,2023-03-06,1.8333333333333333,1.8333333333333333
A54_2023,2023.0,2023-03-27,6.305,6.35
A46_2023,2023.0,2023-03-22,3.786666666666666,3.8
A31_2023,2023.0,2023-03-17,4.353333333333333,4.366666666666666
A20_2023,2023.0,2023-03-16,14.0,14.0
A3_2023,2023.0,2023-03-14,4.3566666666666665,4.366666666666666
C37_2023,2023.0,2023-03-29,2.16,2.2
C4_2023,2023.0,2023-04-04,4.585,4.6
B51_2023,2023.0,2023-03-02,2.796666666666667,2.7999999999999994
B36_2023,2023.0,2023-03-02,2.7075,2.725
B26_2023,2023.0,2023-03-11,3.55,3.55
B1_2023,2023.0,2023-03-06,10.49,10.5
A53_2023,2023.0,2023-03-27,1.595,1.6
A44_2023,2023.0,2023-03-22,3.6266666666666665,3.7
A30_2023,2023.0,2023-03-17,0.819,0.82
A18_2023,2023.0,2023-03-16,0.7789999999999999,0.7799999999999999
A2_2023,2023.0,2023-03-14,0.3686666666666667,0.3699999999999999
C36_2023,2023.0,2023-03-28,3.02,3.05
B66_2023,2023.0,2023-03-03,2.2775,2.3
F40_2022,2022.0,2022-04-06,0.239,0.24
F21_2022,2022.0,2022-03-24,0.2216666666666666,0.2233333333333333
F11_2022,2022.0,2022-04-06,5.916666666666667,5.933333333333333
E64_2022,2022.0,2022-04-20,1.1003333333333334,1.1166666666666667
E34_2022,2022.0,2022-03-22,0.5356666666666667,0.5366666666666666
E17_2022,2022.0,2022-03-22,11.326666666666666,11.4
E7_2022,2022.0,2022-03-21,5.086666666666667,5.1000000000000005
D53_2022,2022.0,2022-04-08,2.6750000000000003,2.6750000000000003
D28_2022,2022.0,2022-04-11,0.199,0.2
C64_2022,2022.0,2022-04-27,0.6423466023321269,0.6491086985658757
C48_2022,2022.0,2022-03-29,3.456666666666667,3.4666666666666663
F54_2022,2022.0,2022-04-06,9.6825,9.7
F38_2022,2022.0,2022-04-07,1.2185,1.24
F20_2022,2022.0,2022-03-24,0.9836666666666668,0.9966666666666668
F8_2022,2022.0,2022-03-23,10.63,10.666666666666666
E63_2022,2022.0,2022-04-13,0.376,0.3825
E29_2022,2022.0,2022-03-22,0.349,0.35
E15_2022,2022.0,2022-03-22,6.366666666666666,6.366666666666666
E6_2022,2022.0,2022-03-21,3.5,3.5
D47_2022,2022.0,2022-04-08,7.385,7.45
D22_2022,2022.0,2022-04-12,2.8200000000000003,2.833333333333333
C62_2022,2022.0,2022-03-30,1.132,1.1333333333333333
C47_2022,2022.0,2022-03-29,1.6333333333333335,1.6333333333333335
F50_2022,2022.0,2022-03-04,3.963333333333333,3.9666666666666655
F37_2022,2022.0,2022-04-06,6.0975,6.125
F18_2022,2022.0,2022-03-24,0.3856666666666666,0.3866666666666666
F6_2022,2022.0,2022-03-23,0.3023333333333333,0.3033333333333333
E61_2022,2022.0,2022-04-20,11.263333333333334,11.266666666666666
E28_2022,2022.0,2022-03-22,0.0040272331154684,0.0050330256967064
E14_2022,2022.0,2022-03-21,10.123333333333331,10.133333333333333
E5_2022,2022.0,2022-03-18,1.112,1.1133333333333333
D41_2022,2022.0,2022-04-08,6.94,7.0
D19_2022,2022.0,2022-04-12,9.5525,9.575
C59_2022,2022.0,2022-03-30,2.2566666666666664,2.2666666666666666
C46_2022,2022.0,2022-03-28,0.7993333333333333,0.7999999999999999
F49_2022,2022.0,2022-04-20,2.5900000000000003,2.6
F34_2022,2022.0,2022-04-20,0.469,0.4733333333333334
F16_2022,2022.0,2022-03-24,0.319,0.32
F5_2022,2022.0,2022-03-23,7.159999999999999,7.2
E56_2022,2022.0,2022-04-20,2.305333333333333,2.31
E25_2022,2022.0,2022-03-22,0.5186666666666667,0.52
E13_2022,2022.0,2022-03-21,8.92,8.933333333333334
E4_2022,2022.0,2022-03-16,9.01,9.033333333333331
D38_2022,2022.0,2022-04-11,0.1164999999999999,0.1175
D16_2022,2022.0,2022-04-12,2.8875,2.9000000000000004
C58_2022,2022.0,2022-03-30,0.4856666666666666,0.4866666666666666
C45_2022,2022.0,2022-03-28,3.0,3.0
F48_2022,2022.0,2022-04-13,1.4166666666666667,1.4333333333333331
F31_2022,2022.0,2022-04-06,2.59,2.6
F15_2022,2022.0,2022-03-24,10.86,10.866666666666667
F3_2022,2022.0,2022-03-23,0.5213333333333333,0.5233333333333333
E48_2022,2022.0,2022-04-13,1.4633333333333332,1.4666666666666668
E21_2022,2022.0,2022-03-22,5.66,5.7
E12_2022,2022.0,2022-03-21,10.32,10.333333333333334
E1_2022,2022.0,2022-03-18,2.8200000000000003,2.833333333333333
D37_2022,2022.0,2022-04-11,3.585,3.65
D11_2022,2022.0,2022-04-12,7.3675,7.4
C52_2022,2022.0,2022-03-29,4.1,4.1
C44_2022,2022.0,2022-03-28,0.7923333333333332,0.7933333333333333
F43_2022,2022.0,2022-04-14,7.9225,7.95
F27_2022,2022.0,2022-03-25,0.6243333333333333,0.6266666666666667
F14_2022,2022.0,2022-03-24,5.3,5.333333333333333
F2_2022,2022.0,2022-03-23,4.8566666666666665,4.866666666666667
E46_2022,2022.0,2022-04-21,0.1986666666666666,0.1996666666666666
E20_2022,2022.0,2022-03-22,5.21,5.266666666666667
E11_2022,2022.0,2022-03-21,13.666666666666666,13.666666666666666
D62_2022,2022.0,2022-04-11,6.425,6.425
D33_2022,2022.0,2022-04-11,1.5499999999999998,1.5499999999999998
D10_2022,2022.0,2022-04-12,0.3123333333333333,0.3133333333333333
C51_2022,2022.0,2022-03-29,1.2443333333333333,1.2533333333333334
C43_2022,2022.0,2022-03-28,0.0423333333333333,0.0433333333333333
F42_2022,2022.0,2022-04-14,6.8100000000000005,6.825
F26_2022,2022.0,2022-03-25,0.359,0.36
F13_2022,2022.0,2022-03-24,2.9166666666666665,2.9333333333333336
F1_2022,2022.0,2022-03-23,8.463333333333333,8.5
E39_2022,2022.0,2022-03-22,5.24,5.25
E19_2022,2022.0,2022-03-22,0.1723333333333333,0.1733333333333333
E10_2022,2022.0,2022-03-21,9.056666666666665,9.066666666666666
D60_2022,2022.0,2022-04-08,0.2589999999999999,0.2599999999999999
D32_2022,2022.0,2022-04-11,6.05,6.066666666666667
D9_2022,2022.0,2022-04-12,0.9845,0.9875
C50_2022,2022.0,2022-03-29,1.9566666666666663,1.9666666666666668
C42_2022,2022.0,2022-03-28,0.9933333333333332,0.9966666666666668
F41_2022,2022.0,2022-04-05,7.516666666666667,7.533333333333334
F24_2022,2022.0,2022-03-25,0.4056666666666667,0.4066666666666667
F12_2022,2022.0,2022-04-07,2.065,2.075
E66_2022,2022.0,2022-04-20,2.14,2.15
E35_2022,2022.0,2022-03-22,0.031,0.032
E18_2022,2022.0,2022-03-22,6.116666666666666,6.133333333333333
E9_2022,2022.0,2022-03-21,2.64,2.6666666666666665
D56_2022,2022.0,2022-04-11,4.3566666666666665,4.366666666666667
D31_2022,2022.0,2022-04-11,3.5375,3.55
C65_2022,2022.0,2022-04-27,12.073333333333332,12.1
C49_2022,2022.0,2022-03-29,0.104,0.105
C41_2022,2022.0,2022-03-29,0.975,0.9866666666666664
C16_2022,2022.0,2022-04-14,1.965,2.0
B63_2022,2022.0,2022-03-15,0.139,0.14
B53_2022,2022.0,2022-03-11,4.666666666666667,4.666666666666667
B43_2022,2022.0,2022-03-09,6.276666666666666,6.3
B29_2022,2022.0,2022-03-18,2.5900000000000003,2.6
B17_2022,2022.0,2022-03-17,1.6166666666666665,1.6333333333333335
B8_2022,2022.0,2022-03-17,1.2926666666666666,1.2933333333333332
A62_2022,2022.0,2022-03-30,1.8333333333333333,1.8333333333333333
A54_2022,2022.0,2022-03-31,16.799999999999997,17.0
A43_2022,2022.0,2022-03-31,7.210000000000001,7.233333333333333
A28_2022,2022.0,2022-04-05,2.9475,2.95
C40_2022,2022.0,2022-03-28,1.119,1.12
C15_2022,2022.0,2022-04-14,1.098,1.1
B62_2022,2022.0,2022-03-15,5.436666666666667,5.466666666666666
B52_2022,2022.0,2022-03-11,0.9686666666666668,0.97
B38_2022,2022.0,2022-03-07,3.1,3.1
B28_2022,2022.0,2022-03-18,3.78,3.8
B16_2022,2022.0,2022-03-17,7.66,7.733333333333333
B7_2022,2022.0,2022-03-17,7.66,7.733333333333334
A61_2022,2022.0,2022-03-29,10.44,10.5
A53_2022,2022.0,2022-03-31,0.6676666666666667,0.6699999999999999
A42_2022,2022.0,2022-03-31,4.39,4.4
A26_2022,2022.0,2022-04-05,1.9425,1.95
C39_2022,2022.0,2022-03-28,0.2653333333333333,0.2666666666666666
C7_2022,2022.0,2022-04-19,5.32,5.366666666666667
B60_2022,2022.0,2022-03-15,0.4256666666666667,0.4266666666666667
B51_2022,2022.0,2022-03-10,2.223333333333333,2.2333333333333334
B35_2022,2022.0,2022-03-07,0.626,0.63
B27_2022,2022.0,2022-03-14,0.596,0.6
B15_2022,2022.0,2022-03-17,7.489999999999999,7.566666666666667
B6_2022,2022.0,2022-03-17,0.9556666666666668,0.9566666666666668
A60_2022,2022.0,2022-03-31,5.1066666666666665,5.133333333333334
A51_2022,2022.0,2022-03-31,6.233333333333333,6.266666666666667
A41_2022,2022.0,2022-03-31,3.7566666666666655,3.766666666666667
A24_2022,2022.0,2022-04-05,0.2314999999999999,0.2324999999999999
C33_2022,2022.0,2022-04-19,5.346,5.403333333333333
C4_2022,2022.0,2022-04-14,1.229666666666667,1.23
B59_2022,2022.0,2022-03-15,1.219,1.25
B50_2022,2022.0,2022-03-10,8.706666666666667,8.833333333333334
B34_2022,2022.0,2022-03-03,9.233333333333334,9.233333333333334
B25_2022,2022.0,2022-03-16,0.6209999999999999,0.6220000000000001
B14_2022,2022.0,2022-03-16,6.576666666666667,6.599999999999999
B5_2022,2022.0,2022-03-17,2.793333333333333,2.8000000000000003
A59_2022,2022.0,2022-03-31,2.4633333333333334,2.466666666666667
A50_2022,2022.0,2022-03-31,4.363333333333332,4.366666666666666
A39_2022,2022.0,2022-04-01,1.965,1.975
A21_2022,2022.0,2022-04-05,7.1675,7.2
C27_2022,2022.0,2022-04-14,13.666666666666666,13.666666666666666
C1_2022,2022.0,2022-04-12,3.18,3.2
B58_2022,2022.0,2022-03-14,11.283333333333331,11.3
B49_2022,2022.0,2022-03-10,4.723333333333334,4.733333333333333
B33_2022,2022.0,2022-03-18,1.2,1.2
B23_2022,2022.0,2022-03-15,6.286666666666666,6.3
B13_2022,2022.0,2022-03-16,8.016666666666666,8.066666666666666
B3_2022,2022.0,2022-03-17,4.126666666666666,4.133333333333333
A58_2022,2022.0,2022-03-31,3.29,3.3
A48_2022,2022.0,2022-03-31,4.796666666666667,4.833333333333333
A36_2022,2022.0,2022-04-01,3.4875000000000003,3.5
A17_2022,2022.0,2022-04-04,5.895,5.925
C25_2022,2022.0,2022-04-14,13.0,13.0
B66_2022,2022.0,2022-03-18,3.7,3.7
B57_2022,2022.0,2022-03-14,0.9523333333333334,0.9533333333333333
B48_2022,2022.0,2022-03-10,5.72,5.766666666666666
B32_2022,2022.0,2022-03-18,4.553333333333334,4.566666666666666
B22_2022,2022.0,2022-03-16,3.89,3.9
B12_2022,2022.0,2022-03-16,1.923333333333333,1.9333333333333331
B1_2022,2022.0,2022-03-17,12.333333333333334,12.333333333333334
A57_2022,2022.0,2022-03-31,1.21,1.2333333333333334
A47_2022,2022.0,2022-03-31,3.936666666666667,3.966666666666667
A33_2022,2022.0,2022-04-01,3.9375,3.975
A15_2022,2022.0,2022-04-04,1.08225,1.0825
C19_2022,2022.0,2022-04-14,4.260000000000001,4.3
B65_2022,2022.0,2022-03-15,2.48,2.533333333333333
B55_2022,2022.0,2022-03-11,1.5533333333333337,1.5666666666666669
B47_2022,2022.0,2022-03-10,8.219999999999999,8.233333333333333
B31_2022,2022.0,2022-03-18,2.05,2.066666666666667
B21_2022,2022.0,2022-03-16,7.966666666666668,8.033333333333333
B11_2022,2022.0,2022-03-17,3.1,3.1
A65_2022,2022.0,2022-03-29,11.666666666666666,11.666666666666666
A56_2022,2022.0,2022-03-31,0.4216666666666667,0.4233333333333333
A45_2022,2022.0,2022-03-31,6.0633333333333335,6.1000000000000005
A32_2022,2022.0,2022-04-05,3.6875,3.7
A12_2022,2022.0,2022-04-04,6.19,6.2
C18_2022,2022.0,2022-04-14,0.714,0.7200000000000001
B64_2022,2022.0,2022-03-15,0.159,0.16
B54_2022,2022.0,2022-03-11,6.59,6.6000000000000005
B45_2022,2022.0,2022-03-11,2.47,2.5000000000000004
B30_2022,2022.0,2022-03-18,1.9333333333333331,1.9333333333333331
B20_2022,2022.0,2022-03-16,0.8926666666666666,0.8966666666666666
B9_2022,2022.0,2022-03-17,9.08,9.1
A64_2022,2022.0,2022-03-30,2.6566666666666667,2.6666666666666665
A55_2022,2022.0,2022-03-31,1.6566666666666665,1.6666666666666667
A44_2022,2022.0,2022-03-31,11.293333333333331,11.333333333333334
A30_2022,2022.0,2022-04-05,3.175,3.175
A10_2022,2022.0,2022-04-04,0.5790000000000001,0.58
X17_2021,2021.0,2021-05-18,1.2765,1.29
X4_2021,2021.0,2021-05-26,5.666666666666667,5.733333333333334
U44_2021,2021.0,2021-05-17,5.23,5.233333333333333
U33_2021,2021.0,2021-05-13,9.42,9.433333333333332
T66_2021,2021.0,2021-10-28,5.403,5.4945543492829385
T52_2021,2021.0,2021-05-12,3.37,3.4
T24_2021,2021.0,2021-09-21,3.2566666666666664,3.266666666666667
T13_2021,2021.0,2021-09-20,0.4493799758745476,0.5009157619622033
S66_2021,2021.0,2021-10-27,0.4905333333333333,0.5093333333333333
S41_2021,2021.0,2021-10-26,7.88,7.933333333333334
S23_2021,2021.0,2021-04-29,5.7475,5.775
A9_2022,2022.0,2022-04-04,0.396,0.4
X16_2021,2021.0,2021-05-18,7.215,7.25
X3_2021,2021.0,2021-05-26,7.640000000000001,7.699999999999999
U43_2021,2021.0,2021-05-14,4.739999999999999,4.800000000000001
U26_2021,2021.0,2021-05-07,6.3025,6.324999999999999
T65_2021,2021.0,2021-05-11,0.302,0.3033333333333333
T50_2021,2021.0,2021-10-26,0.9855,1.0
T22_2021,2021.0,2021-09-21,7.41,7.566666666666666
T12_2021,2021.0,2021-09-20,0.4889999999999999,0.49
S60_2021,2021.0,2021-10-28,0.977,0.9925
S40_2021,2021.0,2021-10-26,3.759,3.815775365232542
S20_2021,2021.0,2021-04-29,13.333333333333334,13.333333333333334
A6_2022,2022.0,2022-04-04,1.48,1.5
X15_2021,2021.0,2021-05-18,6.323333333333333,6.4
X1_2021,2021.0,2021-05-26,11.566666666666668,11.666666666666666
U40_2021,2021.0,2021-05-17,5.52,5.6
U24_2021,2021.0,2021-05-07,2.0900000000000003,2.1
T62_2021,2021.0,2021-05-11,3.075,3.1
T49_2021,2021.0,2021-05-12,4.426666666666667,4.433333333333333
T21_2021,2021.0,2021-09-21,1.034333333333333,1.0533333333333337
T10_2021,2021.0,2021-09-20,3.0933333333333333,3.1
S53_2021,2021.0,2021-10-27,,
S36_2021,2021.0,2021-04-29,0.2465,0.2475
S19_2021,2021.0,2021-04-30,5.290000000000001,5.300000000000001
A5_2022,2022.0,2022-04-04,3.7,3.7
X12_2021,2021.0,2021-05-19,8.023333333333333,8.033333333333333
U65_2021,2021.0,2021-05-25,8.626666666666667,8.633333333333333
U39_2021,2021.0,2021-05-14,2.6375,2.65
U20_2021,2021.0,2021-03-22,7.593333333333334,7.633333333333333
T61_2021,2021.0,2021-05-11,0.9105,0.925
T48_2021,2021.0,2021-05-13,9.485,9.6
T20_2021,2021.0,2021-09-21,7.510000000000001,7.599999999999999
T9_2021,2021.0,2021-09-20,2.3,2.3
S52_2021,2021.0,2021-10-25,4.98025,5.08
S35_2021,2021.0,2021-04-29,5.19,5.2
S5_2021,2021.0,2021-04-29,6.9575,6.999999999999999
A3_2022,2022.0,2022-04-04,10.4075,10.45
X10_2021,2021.0,2021-05-19,8.7,8.775
U55_2021,2021.0,2021-05-20,4.875,4.9
U37_2021,2021.0,2021-05-14,5.6525,5.675
U16_2021,2021.0,2021-05-04,2.513333333333333,2.533333333333333
T60_2021,2021.0,2021-05-13,9.073333333333332,9.133333333333333
T47_2021,2021.0,2021-05-13,3.8825,3.9
T19_2021,2021.0,2021-09-21,0.218,0.22
T7_2021,2021.0,2021-09-20,3.955,4.0
S50_2021,2021.0,2021-10-27,7.17,7.199999999999999
S34_2021,2021.0,2021-04-29,,
S1_2021,2021.0,2021-04-30,9.96,10.0
X24_2021,2021.0,2021-05-27,3.5666666666666664,3.6
X8_2021,2021.0,2021-05-19,5.300000000000001,5.9
U51_2021,2021.0,2021-05-20,11.4525,11.5
U36_2021,2021.0,2021-05-14,0.505,0.51
U13_2021,2021.0,2021-05-04,2.655,2.675
T59_2021,2021.0,2021-05-12,1.65,1.65
T46_2021,2021.0,2021-05-13,4.79,4.85
T18_2021,2021.0,2021-09-21,6.9575,7.0
T6_2021,2021.0,2021-09-20,1.42,1.4333333333333336
S47_2021,2021.0,2021-10-27,2.6630000000000003,2.6666666666666665
S27_2021,2021.0,2021-04-29,0.119,0.12
R60_2021,2021.0,2021-05-11,2.635,2.6499999999999995
X19_2021,2021.0,2021-05-27,6.386666666666667,6.400000000000001
X7_2021,2021.0,2021-05-19,8.49,8.5
U47_2021,2021.0,2021-05-17,3.52,3.6
U35_2021,2021.0,2021-05-14,1.825,1.85
U12_2021,2021.0,2021-05-04,0.7576666666666667,0.7666666666666667
T57_2021,2021.0,2021-05-11,4.456666666666667,4.466666666666666
T45_2021,2021.0,2021-05-13,9.73,9.8
T16_2021,2021.0,2021-09-21,0.843,0.8466666666666667
T3_2021,2021.0,2021-09-20,0.261,0.265
S43_2021,2021.0,2021-10-27,2.553333333333333,2.5666666666666664
S25_2021,2021.0,2021-04-30,0.0906757443718228,0.0916776752322354
R59_2021,2021.0,2021-05-12,6.989999999999999,7.033333333333334
X18_2021,2021.0,2021-05-27,6.07,6.1000000000000005
X6_2021,2021.0,2021-05-19,14.0,14.0
U45_2021,2021.0,2021-05-17,12.5,12.5
U34_2021,2021.0,2021-05-13,8.453333333333333,8.466666666666667
U11_2021,2021.0,2021-05-04,1.1,1.1
T54_2021,2021.0,2021-05-13,7.4225,7.425
T30_2021,2021.0,2021-09-21,6.376666666666666,6.433333333333334
T14_2021,2021.0,2021-09-20,1.4385,1.465
T2_2021,2021.0,2021-09-20,0.0304333333333333,0.032
S42_2021,2021.0,2021-10-26,1.9366666666666668,2.0
S24_2021,2021.0,2021-04-28,7.956666666666667,7.966666666666666
R53_2021,2021.0,2021-05-10,5.83,5.8500000000000005
R38_2021,2021.0,2021-11-25,16.566666666666666,16.666666666666668
R19_2021,2021.0,2021-03-24,4.09,4.1
R8_2021,2021.0,2021-03-30,1.0796666666666666,1.0799999999999998
Q63_2021,2021.0,2021-11-08,1.237,1.261831523924407
Q41_2021,2021.0,2021-11-10,0.0562499999999999,0.0572499999999999
Q25_2021,2021.0,2021-05-06,4.133333333333333,4.133333333333333
P59_2021,2021.0,2021-09-22,4.563333333333333,4.6000000000000005
P44_2021,2021.0,2021-09-23,2.4266666666666663,2.4333333333333336
P20_2021,2021.0,2021-11-17,0.974,0.9766666666666666
P5_2021,2021.0,2021-09-21,3.5975,3.6
O30_2021,2021.0,2021-04-27,3.9675,4.025
R49_2021,2021.0,2021-11-30,7.760000000000001,8.166666666666666
R31_2021,2021.0,2021-11-24,4.853333333333334,4.866666666666667
R18_2021,2021.0,2021-09-21,1.0006666666666668,1.0033333333333334
R7_2021,2021.0,2021-03-29,2.5,2.5
Q56_2021,2021.0,2021-11-08,0.2875666666666666,0.315
Q40_2021,2021.0,2021-11-09,0.519,0.52
Q23_2021,2021.0,2021-05-05,6.664999999999999,6.675
P58_2021,2021.0,2021-09-22,0.0602999999999999,0.0616666666666666
P38_2021,2021.0,2021-09-23,0.09975,0.10075
P19_2021,2021.0,2021-11-16,0.092,0.093
P4_2021,2021.0,2021-11-12,7.346666666666667,7.366666666666667
O17_2021,2021.0,2021-04-27,0.148,0.15
R47_2021,2021.0,2021-11-29,2.79,2.8
R29_2021,2021.0,2021-11-23,0.129,0.13
R6_2021,2021.0,2021-03-30,1.585,1.6
Q52_2021,2021.0,2021-11-08,7.41,7.5
Q36_2021,2021.0,2021-05-10,2.8025,2.85
Q22_2021,2021.0,2021-05-06,0.3047599517490952,0.3177472858866101
P56_2021,2021.0,2021-09-22,0.0765,0.0775
P37_2021,2021.0,2021-09-23,3.775,3.775
P18_2021,2021.0,2021-11-16,,
P1_2021,2021.0,2021-11-12,12.0,12.0
O16_2021,2021.0,2021-04-27,6.130000000000001,6.15
R46_2021,2021.0,2021-11-25,2.8225,2.825
R28_2021,2021.0,2021-11-23,3.19,3.2
R15_2021,2021.0,2021-04-20,0.044,0.045
R4_2021,2021.0,2021-03-30,10.9,11.0
Q51_2021,2021.0,2021-11-09,5.625,5.65
Q34_2021,2021.0,2021-05-10,0.299,0.3
Q20_2021,2021.0,2021-05-05,4.286666666666666,4.3
P55_2021,2021.0,2021-09-22,0.0298333333333333,0.0309999999999999
P32_2021,2021.0,2021-11-18,4.366666666666666,4.366666666666666
P16_2021,2021.0,2021-11-16,2.7533333333333334,2.9000000000000004
O66_2021,2021.0,2021-04-28,0.7626666666666666,0.7666666666666666
O15_2021,2021.0,2021-04-27,4.79,4.800000000000001
R45_2021,2021.0,2021-11-28,6.97,7.0
R26_2021,2021.0,2021-11-23,1.0336666666666667,1.0366666666666666
R14_2021,2021.0,2021-10-15,8.956666666666665,8.966666666666667
R2_2021,2021.0,2021-03-30,0.5790000000000001,0.5800000000000001
Q48_2021,2021.0,2021-11-10,6.390000000000001,6.400000000000001
Q33_2021,2021.0,2021-05-10,4.3375,4.35
Q19_2021,2021.0,2021-04-30,4.53,4.6
P52_2021,2021.0,2021-09-22,0.5233333333333333,0.5333333333333333
P28_2021,2021.0,2021-11-18,6.04,6.075
P14_2021,2021.0,2021-11-16,5.153333333333333,5.2
O64_2021,2021.0,2021-04-28,0.129,0.13
O14_2021,2021.0,2021-04-26,4.165,4.199999999999999
R44_2021,2021.0,2021-11-29,4.0,4.0
R24_2021,2021.0,2021-11-23,12.9,13.0
R12_2021,2021.0,2021-03-30,0.148,0.149
R1_2021,2021.0,2021-03-29,2.48,2.5
Q47_2021,2021.0,2021-11-09,10.176666666666668,10.266666666666667
Q29_2021,2021.0,2021-05-10,0.0352568082788671,0.0362582564241766
Q15_2021,2021.0,2021-04-30,3.0,3.0
P51_2021,2021.0,2021-09-22,0.4803333333333333,0.4833333333333333
P27_2021,2021.0,2021-11-18,5.8975,5.924999999999999
P13_2021,2021.0,2021-11-16,7.673333333333332,7.7
O63_2021,2021.0,2021-04-28,1.79,1.8
O13_2021,2021.0,2021-04-26,0.219,0.22
R41_2021,2021.0,2021-11-26,7.09,7.1
R23_2021,2021.0,2021-04-19,5.6025,5.625
R11_2021,2021.0,2021-03-30,0.0595,0.0605
Q65_2021,2021.0,2021-11-08,5.099259951749096,5.111831523924407
Q45_2021,2021.0,2021-11-10,1.74,1.75
Q28_2021,2021.0,2021-05-10,12.333333333333334,12.333333333333334
Q7_2021,2021.0,2021-04-30,0.979,0.99
P50_2021,2021.0,2021-09-22,0.6665,0.67
P26_2021,2021.0,2021-11-17,0.879,0.88
P12_2021,2021.0,2021-11-16,0.95,1.0666666666666669
O61_2021,2021.0,2021-04-28,9.255,9.35
O11_2021,2021.0,2021-04-27,3.2150000000000003,3.25
R40_2021,2021.0,2021-11-29,0.936,0.9366666666666666
R21_2021,2021.0,2021-03-24,3.4600000000000004,3.466666666666667
R9_2021,2021.0,2021-03-30,9.983333333333333,10.2
Q64_2021,2021.0,2021-11-08,5.456666666666667,5.466666666666666
Q42_2021,2021.0,2021-11-09,,
Q26_2021,2021.0,2021-05-06,7.890000000000001,7.95
P62_2021,2021.0,2021-09-22,7.855,7.874999999999999
P46_2021,2021.0,2021-09-22,4.89,4.9
P22_2021,2021.0,2021-11-17,12.766666666666666,13.0
P11_2021,2021.0,2021-11-16,6.925000000000001,6.975
O42_2021,2021.0,2021-04-27,6.666666666666667,6.666666666666667
O9_2021,2021.0,2021-04-26,8.675,8.675
N52_2021,2021.0,2021-04-22,3.693333333333333,3.7000000000000006
N33_2021,2021.0,2021-04-23,4.8825,4.9
N13_2021,2021.0,2021-10-18,2.29,2.3
M64_2021,2021.0,2021-04-18,2.35,2.35
M24_2021,2021.0,2021-04-20,2.0625,2.075
L63_2021,2021.0,2021-10-15,4.36,4.433333333333334
L44_2021,2021.0,2021-10-14,9.203333333333331,9.233333333333333
L31_2021,2021.0,2021-03-26,,
L21_2021,2021.0,2021-03-25,2.233333333333333,2.233333333333333
L13_2021,2021.0,2021-03-24,1.4756666666666665,1.4766666666666666
L4_2021,2021.0,2021-03-24,0.6539999999999999,0.655
O6_2021,2021.0,2021-04-27,1.5666666666666669,1.5666666666666669
N50_2021,2021.0,2021-04-23,8.19,8.2
N30_2021,2021.0,2021-03-24,0.6456666666666666,0.6466666666666666
N11_2021,2021.0,2021-10-17,1.3845999999999998,1.404
M63_2021,2021.0,2021-04-19,3.4650000000000003,3.475
M22_2021,2021.0,2021-04-21,2.24,2.25
L55_2021,2021.0,2021-10-15,1.69,1.7
L43_2021,2021.0,2021-10-14,1.0685,1.08
L30_2021,2021.0,2021-03-26,2.3233333333333337,2.333333333333333
L20_2021,2021.0,2021-03-25,1.251,1.2666666666666666
L11_2021,2021.0,2021-03-24,4.573333333333333,4.633333333333334
L3_2021,2021.0,2021-03-23,,
O5_2021,2021.0,2021-04-27,7.04,7.1
N48_2021,2021.0,2021-04-23,0.65475,0.6575
N29_2021,2021.0,2021-10-19,4.2865,4.2975
N8_2021,2021.0,2021-10-18,0.4686666666666666,0.4733333333333333
M60_2021,2021.0,2021-04-20,0.706,0.73
M20_2021,2021.0,2021-04-22,3.925,3.925
L53_2021,2021.0,2021-10-14,6.664999999999999,6.7
L38_2021,2021.0,2021-10-12,1.286,1.2866666666666666
L27_2021,2021.0,2021-03-23,0.2640132689987935,0.2724420318992089
L19_2021,2021.0,2021-03-25,3.023333333333333,3.033333333333333
L10_2021,2021.0,2021-03-24,8.176666666666668,8.200000000000001
L2_2021,2021.0,2021-03-24,0.628,0.63
O4_2021,2021.0,2021-04-27,7.64,7.7
N46_2021,2021.0,2021-04-16,5.3775,5.4
N21_2021,2021.0,2021-10-19,10.56,10.6
N7_2021,2021.0,2021-10-18,3.75,3.8
M55_2021,2021.0,2021-04-19,3.15,3.15
M17_2021,2021.0,2021-04-21,5.3775,5.425000000000001
L51_2021,2021.0,2021-10-14,,
L37_2021,2021.0,2021-10-13,9.473333333333333,9.5
L26_2021,2021.0,2021-03-25,17.1,17.5
L18_2021,2021.0,2021-03-25,0.3874999999999999,0.39
L9_2021,2021.0,2021-03-24,12.406666666666666,12.5
L1_2021,2021.0,2021-03-24,,
N61_2021,2021.0,2021-04-26,1.6,1.6
N45_2021,2021.0,2021-04-22,2.325,2.325
N19_2021,2021.0,2021-10-19,3.1,3.1
N4_2021,2021.0,2021-10-17,6.12,6.133333333333333
M49_2021,2021.0,2021-04-19,6.975,7.0
M12_2021,2021.0,2021-04-20,0.4115,0.4125
L48_2021,2021.0,2021-10-14,0.8786666666666667,0.88
L36_2021,2021.0,2021-10-13,9.266666666666667,9.266666666666667
L25_2021,2021.0,2021-03-25,7.2875,7.325
L17_2021,2021.0,2021-03-25,8.366666666666665,8.4
L8_2021,2021.0,2021-03-24,0.8626666666666667,0.8666666666666667
K66_2021,2021.0,2021-03-24,2.1566666666666667,2.1666666666666665
N59_2021,2021.0,2021-04-26,7.25,7.3
N44_2021,2021.0,2021-04-22,5.155,5.2
N18_2021,2021.0,2021-10-18,1.2,1.2
N2_2021,2021.0,2021-10-18,0.4865,0.4875
M46_2021,2021.0,2021-04-19,0.5935000000000001,0.6
M11_2021,2021.0,2021-04-21,2.025,2.025
L47_2021,2021.0,2021-10-14,8.08,8.4
L35_2021,2021.0,2021-03-26,0.149,0.15
L24_2021,2021.0,2021-03-25,6.95,6.966666666666666
L16_2021,2021.0,2021-03-22,9.086666666666666,9.1
L7_2021,2021.0,2021-03-24,0.0130090777051561,0.0140110085655687
K65_2021,2021.0,2021-03-23,,
N56_2021,2021.0,2021-04-23,1.106,1.11
N42_2021,2021.0,2021-04-22,4.577500000000001,4.625
N17_2021,2021.0,2021-10-18,1.49,1.5
M66_2021,2021.0,2021-04-20,2.486666666666667,2.5
M40_2021,2021.0,2021-04-19,0.3565,0.3575
L65_2021,2021.0,2021-10-15,3.7,3.7
L46_2021,2021.0,2021-10-14,0.521,0.525
L33_2021,2021.0,2021-03-26,0.1389999999999999,0.1399999999999999
L23_2021,2021.0,2021-03-25,5.135,5.15
L15_2021,2021.0,2021-03-25,1.0543333333333331,1.0566666666666666
L6_2021,2021.0,2021-03-24,0.936,0.94
K64_2021,2021.0,2021-03-23,1.1016666666666666,1.106666666666667
N55_2021,2021.0,2021-04-23,6.790000000000001,6.8
N41_2021,2021.0,2021-04-26,0.239,0.24
N16_2021,2021.0,2021-10-18,0.1405,0.145
M65_2021,2021.0,2021-04-20,0.259,0.26
M38_2021,2021.0,2021-04-19,1.073,1.0750000000000002
L64_2021,2021.0,2021-10-15,0.50625,0.5449999999999999
L45_2021,2021.0,2021-10-14,8.075,8.225
L32_2021,2021.0,2021-03-26,0.4126666666666667,0.4166666666666667
L22_2021,2021.0,2021-03-25,0.0215136165577342,0.0225165128483532
L14_2021,2021.0,2021-03-24,0.229,0.23
L5_2021,2021.0,2021-03-24,6.516666666666667,6.566666666666666
K63_2021,2021.0,2021-03-23,,
K55_2021,2021.0,2021-03-23,6.039999999999999,6.1000000000000005
K47_2021,2021.0,2021-03-22,1.65,1.65
K39_2021,2021.0,2021-03-22,12.133333333333333,12.133333333333333
K24_2021,2021.0,2021-09-06,0.2836666666666667,0.2866666666666666
K13_2021,2021.0,2021-09-07,3.15525,3.2
J63_2021,2021.0,2021-03-30,12.495,12.5
J38_2021,2021.0,2021-09-02,5.619999999999999,5.7
J27_2021,2021.0,2021-03-31,0.6200000000000001,0.6266666666666666
J8_2021,2021.0,2021-09-08,0.4013333333333333,0.4133333333333334
I55_2021,2021.0,2021-10-10,1.2845,1.3359157619622035
I34_2021,2021.0,2021-10-07,0.14475,0.14575
K62_2021,2021.0,2021-03-23,6.926666666666667,6.933333333333333
K54_2021,2021.0,2021-03-22,3.333333333333333,3.333333333333333
K46_2021,2021.0,2021-03-24,11.983333333333334,12.0
K38_2021,2021.0,2021-03-22,3.49,3.5
K22_2021,2021.0,2021-09-06,0.2035,0.2302472858866101
K12_2021,2021.0,2021-09-06,5.475,5.550000000000001
J62_2021,2021.0,2021-03-30,6.015000000000001,6.05
J37_2021,2021.0,2021-09-02,0.51,0.52
J24_2021,2021.0,2021-09-16,0.80175,0.8350000000000001
J7_2021,2021.0,2021-09-09,3.895,3.925
I54_2021,2021.0,2021-10-08,6.615,6.625
I33_2021,2021.0,2021-10-07,0.738,0.74
K61_2021,2021.0,2021-03-23,4.966666666666666,5.0
K53_2021,2021.0,2021-03-22,0.0605,0.0615
K45_2021,2021.0,2021-03-22,0.1823333333333333,0.1833333333333333
K37_2021,2021.0,2021-03-22,8.453333333333333,8.466666666666667
K21_2021,2021.0,2021-09-06,5.5075,5.575
J61_2021,2021.0,2021-03-26,6.0,6.1
J36_2021,2021.0,2021-09-02,3.97,3.975
J23_2021,2021.0,2021-09-09,8.296666666666667,8.366666666666667
J6_2021,2021.0,2021-09-10,2.835,2.85
I53_2021,2021.0,2021-10-08,4.378333333333333,4.406666666666666
I31_2021,2021.0,2021-03-31,,
K60_2021,2021.0,2021-03-23,4.640000000000001,4.666666666666667
K52_2021,2021.0,2021-03-22,5.510000000000001,5.566666666666666
K44_2021,2021.0,2021-03-22,10.363333333333332,10.366666666666667
K35_2021,2021.0,2021-09-06,3.75,3.775
K20_2021,2021.0,2021-09-07,3.93,3.9333333333333336
K7_2021,2021.0,2021-09-07,0.617,0.62
J53_2021,2021.0,2021-09-03,0.1113333333333333,0.1123333333333333
J33_2021,2021.0,2021-03-29,1.4633333333333332,1.4666666666666666
J21_2021,2021.0,2021-09-09,6.9433333333333325,6.966666666666666
J4_2021,2021.0,2021-09-10,6.87,6.933333333333334
I48_2021,2021.0,2021-10-11,2.4633333333333334,2.466666666666667
I30_2021,2021.0,2021-09-08,0.9855,1.0
K59_2021,2021.0,2021-03-22,5.285,5.3
K51_2021,2021.0,2021-03-22,2.6933333333333334,2.7
K43_2021,2021.0,2021-03-19,1.601,1.61
K34_2021,2021.0,2021-09-03,0.7749999999999999,0.7799999999999999
K18_2021,2021.0,2021-09-06,7.483333333333333,7.5
K3_2021,2021.0,2021-09-06,0.3153333333333333,0.3166666666666666
J52_2021,2021.0,2021-09-03,2.3125,2.35
J32_2021,2021.0,2021-03-30,1.023,1.025
J16_2021,2021.0,2021-09-10,5.306666666666668,5.333333333333333
J3_2021,2021.0,2021-09-10,1.5775,1.6
I46_2021,2021.0,2021-10-11,9.683333333333332,9.7
I28_2021,2021.0,2021-09-08,1.9875,2.0
K58_2021,2021.0,2021-03-23,1.275,1.29
K50_2021,2021.0,2021-03-22,5.94,6.0
K42_2021,2021.0,2021-03-18,6.390000000000001,6.400000000000001
K31_2021,2021.0,2021-09-07,0.0078818082788671,0.0088832564241766
K17_2021,2021.0,2021-09-06,0.0040848220769789,0.0050886837978042
K1_2021,2021.0,2021-09-07,1.04625,1.0575
J49_2021,2021.0,2021-03-26,13.0,13.0
J31_2021,2021.0,2021-03-30,0.319,0.32
J15_2021,2021.0,2021-09-09,0.4902499999999999,0.5075000000000001
I63_2021,2021.0,2021-09-09,0.624,0.64
I41_2021,2021.0,2021-10-10,7.233333333333334,7.3
I26_2021,2021.0,2021-09-08,1.3724999999999998,1.4
K57_2021,2021.0,2021-03-23,4.59,4.6000000000000005
K49_2021,2021.0,2021-03-22,6.563333333333333,6.566666666666666
K41_2021,2021.0,2021-03-16,6.56,6.566666666666666
K26_2021,2021.0,2021-09-07,2.9450000000000003,2.95
K16_2021,2021.0,2021-09-06,0.2435,0.2475
J65_2021,2021.0,2021-03-30,0.1686666666666666,0.17
J43_2021,2021.0,2021-09-02,1.3995000000000002,1.4
J30_2021,2021.0,2021-03-30,0.024,0.025
J12_2021,2021.0,2021-09-09,3.1750000000000003,3.25
I58_2021,2021.0,2021-10-08,0.169,0.17
I40_2021,2021.0,2021-10-10,5.77,5.8
I23_2021,2021.0,2021-09-08,3.58,3.6
K56_2021,2021.0,2021-03-23,4.866666666666666,4.866666666666666
K48_2021,2021.0,2021-03-22,6.975,7.050000000000001
K40_2021,2021.0,2021-03-22,,
K25_2021,2021.0,2021-09-07,4.24,4.25
K15_2021,2021.0,2021-09-06,0.0983333333333333,0.0993333333333333
J64_2021,2021.0,2021-03-30,3.97,4.0
J42_2021,2021.0,2021-09-02,8.9975,9.075
J28_2021,2021.0,2021-03-31,3.0666666666666664,3.0666666666666664
I57_2021,2021.0,2021-10-07,12.85,13.0
I37_2021,2021.0,2021-10-07,0.441,0.4425
I20_2021,2021.0,2021-09-08,1.75,1.75
I3_2021,2021.0,2021-09-07,3.49,3.5
H56_2021,2021.0,2021-03-31,7.33,7.35
H38_2021,2021.0,2021-03-30,6.28,6.3
H15_2021,2021.0,2021-08-13,,
G58_2021,2021.0,2021-11-03,3.356666666666667,3.3666666666666667
G37_2021,2021.0,2021-11-03,7.5566666666666675,7.566666666666666
G23_2021,2021.0,2021-10-25,1.5132500000000002,1.53
F66_2021,2021.0,2021-09-24,10.295,10.3
F50_2021,2021.0,2021-09-23,3.045,3.05
F39_2021,2021.0,2021-09-23,0.258,0.27
F27_2021,2021.0,2021-10-04,0.588,0.59
I18_2021,2021.0,2021-09-08,0.0331318082788671,0.0342582564241766
I2_2021,2021.0,2021-09-07,12.25,12.25
H55_2021,2021.0,2021-03-31,0.6656666666666666,0.6666666666666666
H32_2021,2021.0,2021-09-02,0.5226666666666667,0.5299999999999999
G65_2021,2021.0,2021-11-02,3.0866666666666664,3.1333333333333333
G56_2021,2021.0,2021-11-03,6.165000000000001,6.175000000000001
G36_2021,2021.0,2021-10-26,5.273333333333333,5.3
G21_2021,2021.0,2021-10-22,2.6200050009017946,3.15
F65_2021,2021.0,2021-09-24,0.24,0.245
F49_2021,2021.0,2021-09-23,0.239,0.24
F38_2021,2021.0,2021-09-23,5.493333333333333,5.533333333333334
F23_2021,2021.0,2021-09-28,0.0231,0.0316666666666666
I15_2021,2021.0,2021-09-08,0.8263333333333334,0.8366666666666668
H65_2021,2021.0,2021-03-30,0.102,0.103
H54_2021,2021.0,2021-03-30,2.74,2.75
H29_2021,2021.0,2021-09-02,5.216666666666668,5.266666666666667
G64_2021,2021.0,2021-09-24,0.143,0.144
G54_2021,2021.0,2021-11-03,8.09,8.1
G33_2021,2021.0,2021-10-26,0.6958399678327302,0.7157753652325423
G20_2021,2021.0,2021-10-22,2.296666666666667,2.3000000000000003
F61_2021,2021.0,2021-09-24,0.9276666666666668,0.9366666666666666
F48_2021,2021.0,2021-09-23,3.263333333333333,3.266666666666667
F37_2021,2021.0,2021-09-23,6.805000000000001,6.975
F21_2021,2021.0,2021-10-01,0.0079568082788671,0.0089582564241766
I12_2021,2021.0,2021-09-08,0.1163333333333333,0.1173333333333333
H64_2021,2021.0,2021-03-30,5.906666666666667,5.933333333333334
H53_2021,2021.0,2021-03-30,3.59,3.6
H28_2021,2021.0,2021-09-01,8.372499999999999,8.4
G63_2021,2021.0,2021-10-29,17.3,17.5
G51_2021,2021.0,2021-11-04,5.9175,5.925000000000001
G32_2021,2021.0,2021-10-25,8.366666666666667,8.4
G18_2021,2021.0,2021-10-22,8.88,8.9
F59_2021,2021.0,2021-09-24,1.4433333333333334,1.4666666666666668
F47_2021,2021.0,2021-09-23,0.5995,0.605
F36_2021,2021.0,2021-09-23,1.2,1.2
F20_2021,2021.0,2021-09-28,0.956,0.96
I10_2021,2021.0,2021-09-08,0.0317,0.033
H62_2021,2021.0,2021-03-31,6.316666666666666,6.366666666666667
H52_2021,2021.0,2021-04-01,,
H23_2021,2021.0,2021-09-01,5.33,5.35
G62_2021,2021.0,2021-10-28,3.333333333333333,3.3666666666666667
G47_2021,2021.0,2021-10-28,8.746666666666668,8.766666666666667
G31_2021,2021.0,2021-10-24,,
G17_2021,2021.0,2021-10-22,6.146666666666667,6.2
F57_2021,2021.0,2021-09-24,3.395,3.425
F46_2021,2021.0,2021-09-23,0.5656666666666667,0.5666666666666665
F35_2021,2021.0,2021-09-23,0.8786666666666667,0.8799999999999999
F15_2021,2021.0,2021-09-29,2.74,2.75
I8_2021,2021.0,2021-09-08,5.0975,5.125
H61_2021,2021.0,2021-03-31,5.25,5.35
H48_2021,2021.0,2021-03-30,1.2253333333333334,1.2333333333333332
H22_2021,2021.0,2021-09-01,0.63025,0.6325
G61_2021,2021.0,2021-10-29,0.5016666666666666,0.5099999999999999
G46_2021,2021.0,2021-11-04,1.62,1.66
G30_2021,2021.0,2021-10-25,2.28,2.3
G15_2021,2021.0,2021-10-21,14.75,15.0
F55_2021,2021.0,2021-09-24,1.339,1.3450000000000002
F43_2021,2021.0,2021-09-23,1.09,1.1
F34_2021,2021.0,2021-09-23,5.035,5.1
F13_2021,2021.0,2021-09-26,0.0896666666666666,0.0906666666666666
I7_2021,2021.0,2021-09-08,1.0105,1.015
H60_2021,2021.0,2021-03-30,,
H44_2021,2021.0,2021-03-31,7.263333333333333,7.333333333333333
H20_2021,2021.0,2021-09-01,0.3445999999999999,0.3506666666666667
G60_2021,2021.0,2021-11-03,2.7300000000000004,2.833333333333333
G45_2021,2021.0,2021-11-04,4.235,4.25
G28_2021,2021.0,2021-10-25,0.174,0.2257753652325423
G9_2021,2021.0,2021-10-20,0.0136,0.02125
F53_2021,2021.0,2021-09-24,5.096666666666667,5.133333333333334
F42_2021,2021.0,2021-09-23,0.465,0.47
F32_2021,2021.0,2021-09-23,2.813333333333334,2.833333333333333
F12_2021,2021.0,2021-09-27,0.3493333333333333,0.3566666666666666
I5_2021,2021.0,2021-09-07,2.13,2.1750000000000003
H59_2021,2021.0,2021-03-30,15.0,15.0
H40_2021,2021.0,2021-04-06,4.9125000000000005,4.925
H16_2021,2021.0,2021-09-01,11.69,11.7
G59_2021,2021.0,2021-11-03,5.54,5.55
G44_2021,2021.0,2021-10-26,4.17283996783273,4.3745543492829375
G1_2021,2021.0,2021-10-19,0.698,0.7
F51_2021,2021.0,2021-09-24,0.9966666666666668,1.0366666666666666
F40_2021,2021.0,2021-09-23,1.0853333333333337,1.086666666666667
F30_2021,2021.0,2021-10-04,8.995000000000001,9.025
E62_2021,2021.0,2021-09-17,0.1965,0.1975
E50_2021,2021.0,2021-09-17,0.2179999999999999,0.2233333333333333
E37_2021,2021.0,2021-09-17,3.223333333333333,3.233333333333333
E22_2021,2021.0,2021-10-12,0.99775,1.015
E5_2021,2021.0,2021-10-12,4.555,4.6
D56_2021,2021.0,2021-09-15,3.78,3.8
D27_2021,2021.0,2021-09-13,0.1465,0.1475
D14_2021,2021.0,2021-09-14,0.2656666666666666,0.2666666666666666
D3_2021,2021.0,2021-09-14,0.7263333333333333,0.73
C55_2021,2021.0,2021-03-05,1.6103333333333332,1.626666666666667
C43_2021,2021.0,2021-04-12,2.185,2.2
F9_2021,2021.0,2021-09-27,3.68,3.7
E61_2021,2021.0,2021-09-16,0.8049999999999999,0.8150000000000001
E49_2021,2021.0,2021-09-17,0.3115,0.3125
E36_2021,2021.0,2021-10-12,0.1941733011660634,0.2236630478488135
E19_2021,2021.0,2021-10-13,1.9,1.9
E4_2021,2021.0,2021-10-12,7.395,7.4
D26_2021,2021.0,2021-09-13,0.8180000000000001,0.8200000000000001
D12_2021,2021.0,2021-09-13,7.28,7.3
D2_2021,2021.0,2021-09-14,0.329,0.3333333333333333
C54_2021,2021.0,2021-03-05,1.5499999999999998,1.5666666666666669
C42_2021,2021.0,2021-04-13,5.16,5.175
F8_2021,2021.0,2021-09-27,3.99,4.0
E60_2021,2021.0,2021-09-13,,
E47_2021,2021.0,2021-09-16,0.0975,0.0985
E33_2021,2021.0,2021-10-13,5.673333333333333,5.7
E18_2021,2021.0,2021-10-11,4.21,4.3
E3_2021,2021.0,2021-10-12,4.2475,4.25
D25_2021,2021.0,2021-09-13,6.525,6.6
D11_2021,2021.0,2021-09-14,7.18,7.2
D1_2021,2021.0,2021-09-14,4.03,4.1
C53_2021,2021.0,2021-04-08,0.419,0.42
C40_2021,2021.0,2021-10-11,10.556666666666668,10.566666666666666
F7_2021,2021.0,2021-09-27,0.9255,0.93
E58_2021,2021.0,2021-09-17,3.8425,3.85
E46_2021,2021.0,2021-09-16,0.2365,0.2375
E32_2021,2021.0,2021-10-13,4.035,4.05
E17_2021,2021.0,2021-10-12,2.235,2.25
D65_2021,2021.0,2021-09-16,0.9226666666666667,0.93
D48_2021,2021.0,2021-09-16,0.42175,0.425
D24_2021,2021.0,2021-09-13,2.15,2.15
D10_2021,2021.0,2021-09-13,2.8600000000000003,2.8600000000000003
C66_2021,2021.0,2021-09-16,0.393,0.3999999999999999
C52_2021,2021.0,2021-03-04,1.7266666666666666,1.7333333333333334
C37_2021,2021.0,2021-04-18,0.336,0.34
F3_2021,2021.0,2021-09-27,1.76,1.7666666666666666
E56_2021,2021.0,2021-09-17,0.9061733011660636,0.9112210159496044
E45_2021,2021.0,2021-09-17,1.2233333333333334,1.2333333333333334
E31_2021,2021.0,2021-10-12,4.533333333333333,4.533333333333333
E15_2021,2021.0,2021-10-12,0.2322599517490952,0.2368315239244067
D64_2021,2021.0,2021-09-16,0.0152568082788671,0.0162582564241766
D33_2021,2021.0,2021-09-13,0.4393333333333333,0.4433333333333333
D23_2021,2021.0,2021-09-13,6.2975,6.35
D8_2021,2021.0,2021-09-14,31.85,32.0
C62_2021,2021.0,2021-03-09,0.409,0.41
C50_2021,2021.0,2021-03-02,2.0666666666666664,2.0666666666666664
C36_2021,2021.0,2021-04-13,1.5,1.5
E65_2021,2021.0,2021-09-16,3.85,3.8666666666666663
E55_2021,2021.0,2021-09-16,0.3663333333333334,0.3766666666666666
E44_2021,2021.0,2021-09-17,1.95,1.95
E28_2021,2021.0,2021-10-12,5.886666666666666,5.9
E14_2021,2021.0,2021-10-12,6.746666666666666,6.766666666666667
D61_2021,2021.0,2021-09-16,0.0753666666666666,0.078
D32_2021,2021.0,2021-09-13,1.0376666666666667,1.12
D22_2021,2021.0,2021-09-13,0.9675,0.98
D6_2021,2021.0,2021-09-13,0.9573333333333331,0.96
C61_2021,2021.0,2021-03-05,0.3856666666666666,0.3866666666666667
C49_2021,2021.0,2021-03-29,5.58,5.6
C32_2021,2021.0,2021-03-31,14.95,15.0
E64_2021,2021.0,2021-09-16,3.9175,3.925
E53_2021,2021.0,2021-09-16,0.9755099517490952,1.01774728588661
E43_2021,2021.0,2021-09-17,1.077,1.096666666666667
E27_2021,2021.0,2021-10-12,0.2042599517490952,0.2236630478488135
E13_2021,2021.0,2021-10-12,1.4,1.4
D59_2021,2021.0,2021-09-15,5.233333333333333,5.266666666666667
D31_2021,2021.0,2021-09-13,0.8375999999999999,0.842
D21_2021,2021.0,2021-09-14,0.9725,0.98
D5_2021,2021.0,2021-09-14,0.0418,0.045
C60_2021,2021.0,2021-03-09,0.7959999999999999,0.7999999999999999
C47_2021,2021.0,2021-10-11,1.0763333333333334,1.0766666666666669
C31_2021,2021.0,2021-04-16,0.444,0.445
E63_2021,2021.0,2021-09-16,0.2056666666666666,0.2066666666666666
E51_2021,2021.0,2021-09-16,0.0309333333333333,0.0323333333333333
E39_2021,2021.0,2021-09-17,8.6,8.666666666666666
E23_2021,2021.0,2021-10-11,10.146666666666668,10.166666666666666
E8_2021,2021.0,2021-10-12,6.87,6.9
D57_2021,2021.0,2021-09-15,6.390000000000001,6.433333333333334
D28_2021,2021.0,2021-09-13,8.06,8.075
D17_2021,2021.0,2021-09-13,1.413333333333333,1.4333333333333331
D4_2021,2021.0,2021-09-14,0.6920000000000001,0.7000000000000001
C58_2021,2021.0,2021-03-08,8.276666666666666,8.4
C46_2021,2021.0,2021-10-08,2.1325,2.175
C26_2021,2021.0,2021-04-15,5.09,5.1
C10_2021,2021.0,2021-04-15,0.059,0.06
B47_2021,2021.0,2021-04-14,2.875,2.875
B38_2021,2021.0,2021-03-11,10.06,10.1
B28_2021,2021.0,2021-03-16,6.183333333333334,6.2
B19_2021,2021.0,2021-03-10,4.343333333333334,4.366666666666666
B10_2021,2021.0,2021-03-19,0.3756666666666666,0.3766666666666666
A66_2021,2021.0,2021-03-04,3.853333333333333,3.866666666666667
A45_2021,2021.0,2021-04-07,4.4275,4.449999999999999
A26_2021,2021.0,2021-04-08,1.2,1.2
A16_2021,2021.0,2021-03-03,0.5156666666666666,0.5166666666666667
A8_2021,2021.0,2021-03-05,1.1673333333333331,1.17
C25_2021,2021.0,2021-04-15,0.6385000000000001,0.645
C8_2021,2021.0,2021-04-15,5.949999999999999,5.9750000000000005
B45_2021,2021.0,2021-03-09,0.8226666666666667,0.8233333333333334
B37_2021,2021.0,2021-03-16,12.08,12.233333333333334
B27_2021,2021.0,2021-03-16,4.043333333333334,4.066666666666666
B18_2021,2021.0,2021-03-10,1.9,1.9
B7_2021,2021.0,2021-03-17,3.115,3.2
A65_2021,2021.0,2021-03-05,0.2256666666666666,0.2266666666666666
A44_2021,2021.0,2021-04-08,3.483333333333333,3.5
A23_2021,2021.0,2021-04-08,1.2063333333333333,1.2066666666666668
A15_2021,2021.0,2021-03-05,0.6156666666666667,0.6166666666666667
A7_2021,2021.0,2021-03-08,3.3666666666666667,3.466666666666667
C24_2021,2021.0,2021-04-14,3.813333333333333,3.8666666666666663
C4_2021,2021.0,2021-04-16,0.418,0.42
B44_2021,2021.0,2021-03-16,10.435,10.45
B35_2021,2021.0,2021-03-16,1.842,1.8500000000000003
B26_2021,2021.0,2021-03-16,11.865,12.0
B17_2021,2021.0,2021-03-10,4.8933333333333335,4.9
B6_2021,2021.0,2021-03-17,0.1623333333333333,0.1633333333333333
A63_2021,2021.0,2021-04-06,0.8405,0.8649999999999999
A43_2021,2021.0,2021-04-09,0.284,0.285
A22_2021,2021.0,2021-03-09,1.0186666666666666,1.03
A14_2021,2021.0,2021-03-09,0.3623333333333333,0.3633333333333333
A6_2021,2021.0,2021-03-09,8.446666666666667,8.466666666666667
C17_2021,2021.0,2021-04-14,0.2703466023321269,0.2757753652325423
B43_2021,2021.0,2021-03-15,0.312,0.3133333333333333
B34_2021,2021.0,2021-03-16,5.96,5.966666666666666
B25_2021,2021.0,2021-03-15,0.0616666666666666,0.0626666666666666
B16_2021,2021.0,2021-03-10,1.1583333333333332,1.1666666666666667
B5_2021,2021.0,2021-03-18,5.323333333333333,5.333333333333333
A62_2021,2021.0,2021-04-07,2.95,2.975
A39_2021,2021.0,2021-04-08,11.633333333333333,11.666666666666666
A21_2021,2021.0,2021-03-08,0.3256666666666666,0.3266666666666666
A13_2021,2021.0,2021-03-09,4.59,4.6000000000000005
A5_2021,2021.0,2021-03-09,8.04,8.05
C16_2021,2021.0,2021-04-14,2.08,2.1
B55_2021,2021.0,2021-04-13,10.335,10.35
B42_2021,2021.0,2021-03-11,10.083333333333334,10.1
B33_2021,2021.0,2021-03-16,9.614999999999998,9.65
B24_2021,2021.0,2021-03-15,0.3756666666666666,0.3766666666666666
B15_2021,2021.0,2021-03-18,0.0763333333333333,0.0773333333333333
A60_2021,2021.0,2021-04-06,3.9275,3.95
A37_2021,2021.0,2021-04-09,0.289,0.29
A20_2021,2021.0,2021-03-09,1.0706666666666669,1.0799999999999998
A12_2021,2021.0,2021-03-08,7.016666666666667,7.033333333333334
C14_2021,2021.0,2021-04-15,0.46775,0.47
B54_2021,2021.0,2021-04-13,1.3,1.3
B41_2021,2021.0,2021-03-10,6.449999999999999,6.5
B31_2021,2021.0,2021-03-10,0.1939999999999999,0.1949999999999999
B23_2021,2021.0,2021-03-11,9.226666666666668,9.233333333333334
B14_2021,2021.0,2021-03-17,2.313333333333333,2.333333333333333
B3_2021,2021.0,2021-03-18,2.5066666666666664,2.533333333333333
A57_2021,2021.0,2021-04-06,0.3156666666666666,0.3166666666666666
A35_2021,2021.0,2021-04-09,0.1893333333333333,0.1903333333333333
A19_2021,2021.0,2021-03-08,10.090000000000002,10.1
A11_2021,2021.0,2021-03-08,1.3166666666666669,1.3266666666666669
A3_2021,2021.0,2021-03-09,1.13,1.15
C13_2021,2021.0,2021-04-16,0.414,0.415
B52_2021,2021.0,2021-04-13,4.057499999999999,4.075
B40_2021,2021.0,2021-03-10,1.79,1.8
B30_2021,2021.0,2021-03-16,6.07,6.1
B22_2021,2021.0,2021-03-11,8.23,8.3
B13_2021,2021.0,2021-03-18,2.86,2.8666666666666667
B2_2021,2021.0,2021-03-18,13.0,13.0
A49_2021,2021.0,2021-04-08,,
A33_2021,2021.0,2021-04-09,2.0225,2.025
A18_2021,2021.0,2021-03-04,0.6656666666666667,0.67
A10_2021,2021.0,2021-03-05,3.216666666666667,3.233333333333333
A2_2021,2021.0,2021-03-08,3.34,3.35
C11_2021,2021.0,2021-04-15,4.175,4.175
B48_2021,2021.0,2021-04-14,3.415,3.4250000000000003
B29_2021,2021.0,2021-03-15,0.619,0.62
B21_2021,2021.0,2021-03-11,9.156666666666666,9.166666666666666
B1_2021,2021.0,2021-03-16,10.5,10.5
A47_2021,2021.0,2021-04-07,1.3,1.3
A28_2021,2021.0,2021-04-08,5.565,5.575
A17_2021,2021.0,2021-03-09,2.49,2.5
A9_2021,2021.0,2021-03-04,1.59,1.6
A1_2021,2021.0,2021-03-09,0.907,0.9233333333333332
S13_2022,2022.0,2022-11-30,,
R64_2022,2022.0,2022-10-31,5.546666666666667,5.566666666666666
R50_2022,2022.0,2022-11-08,2.49,2.5
R34_2022,2022.0,2022-09-29,2.2166666666666663,2.233333333333333
R13_2022,2022.0,2022-09-30,3.99,4.0
Q59_2022,2022.0,2022-11-30,10.335,10.35
Q37_2022,2022.0,2022-09-27,0.2185199034981904,0.2236630478488135
Q14_2022,2022.0,2022-11-29,13.783333333333331,13.8
P60_2022,2022.0,2022-11-16,1.0156799356654602,1.0491086985658755
P40_2022,2022.0,2022-10-31,0.1161333333333333,0.1176666666666666
S12_2022,2022.0,2022-09-12,3.505,3.5250000000000004
R63_2022,2022.0,2022-11-18,2.62,2.6333333333333333
R46_2022,2022.0,2022-11-02,1.7942599517490954,1.9618315239244069
R25_2022,2022.0,2022-09-29,0.2656666666666666,0.2666666666666666
R9_2022,2022.0,2022-05-30,6.995,7.0
Q56_2022,2022.0,2022-11-14,9.405,9.575
Q36_2022,2022.0,2022-09-27,3.97,4.0
Q13_2022,2022.0,2022-11-29,0.2185199034981904,0.2236630478488135
P56_2022,2022.0,2022-10-31,5.735,5.75
P38_2022,2022.0,2022-10-27,4.329999999999999,4.333333333333333
S9_2022,2022.0,2022-10-31,0.2323333333333333,0.2333333333333333
R61_2022,2022.0,2022-11-17,23.0,23.0
R45_2022,2022.0,2022-11-02,2.1866666666666665,2.2
R24_2022,2022.0,2022-09-12,7.6575,7.674999999999999
R8_2022,2022.0,2022-10-03,4.826666666666667,4.833333333333333
Q53_2022,2022.0,2022-11-16,0.2185199034981904,0.2236630478488135
Q35_2022,2022.0,2022-09-28,8.66,8.7
Q7_2022,2022.0,2022-04-07,2.7275,2.75
P52_2022,2022.0,2022-10-26,12.933333333333332,13.0
P37_2022,2022.0,2022-10-26,2.395,2.4
S28_2022,2022.0,2022-03-01,4.565,4.575
S6_2022,2022.0,2022-11-25,9.95,10.0
R58_2022,2022.0,2022-11-01,1.8666666666666665,1.8666666666666665
R42_2022,2022.0,2022-11-01,7.39,7.0
R22_2022,2022.0,2022-09-30,7.323333333333334,7.333333333333333
R7_2022,2022.0,2022-10-03,2.39,2.4
Q50_2022,2022.0,2022-09-27,0.6715,0.6725
Q26_2022,2022.0,2022-09-29,1.9833333333333332,2.0
Q5_2022,2022.0,2022-03-23,13.7,14.0
P50_2022,2022.0,2022-10-27,9.183333333333334,9.3
P36_2022,2022.0,2022-10-26,3.293333333333333,3.2999999999999994
S27_2022,2022.0,2022-03-18,3.5666666666666664,3.5666666666666664
S4_2022,2022.0,2022-11-14,4.725,4.8
R57_2022,2022.0,2022-11-11,11.22,11.225
R40_2022,2022.0,2022-11-18,7.753333333333333,7.833333333333333
R21_2022,2022.0,2022-09-30,3.2266666666666666,3.233333333333333
R5_2022,2022.0,2022-10-03,1.48,1.5
Q44_2022,2022.0,2022-09-27,15.0,15.0
Q25_2022,2022.0,2022-09-29,1.0326666666666668,1.0366666666666666
Q1_2022,2022.0,2022-11-23,3.98,4.0
P49_2022,2022.0,2022-10-27,1.0726666666666669,1.086666666666667
P34_2022,2022.0,2022-10-26,1.4740000000000002,1.5
S26_2022,2022.0,2022-03-09,1.8866666666666667,1.9
S2_2022,2022.0,2022-11-14,9.485,9.5
R56_2022,2022.0,2022-09-28,2.28,2.3000000000000003
R39_2022,2022.0,2022-11-18,3.9146002789574874,3.974921209570312
R19_2022,2022.0,2022-09-30,0.258,0.26
Q66_2022,2022.0,2022-11-10,1.6636666666666666,1.7033333333333331
Q43_2022,2022.0,2022-09-27,0.2062599517490952,0.2236630478488135
Q23_2022,2022.0,2022-11-01,0.474,0.4766666666666666
P66_2022,2022.0,2022-10-31,0.0643333333333333,0.0653333333333333
P45_2022,2022.0,2022-10-28,0.5166666666666666,0.5578876826162712
P32_2022,2022.0,2022-10-21,0.5086666666666666,0.54
S25_2022,2022.0,2022-04-26,8.033333333333333,8.066666666666666
R66_2022,2022.0,2022-11-15,1.6942599517490953,1.7118315239244066
R55_2022,2022.0,2022-11-25,0.7635000000000001,0.77
R38_2022,2022.0,2022-11-18,3.3375,3.35
R17_2022,2022.0,2022-09-30,0.0654333333333333,0.0676666666666666
Q65_2022,2022.0,2022-11-10,10.01,10.025
Q41_2022,2022.0,2022-09-27,0.3085,0.31
Q18_2022,2022.0,2022-11-09,4.5825,4.625
P63_2022,2022.0,2022-11-16,,
P44_2022,2022.0,2022-10-26,16.45,16.5
P26_2022,2022.0,2022-10-21,7.565,7.574999999999999
S20_2022,2022.0,2022-03-23,7.32,7.35
R65_2022,2022.0,2022-11-25,2.595,2.6
R54_2022,2022.0,2022-11-01,3.0966666666666662,3.1666666666666665
R37_2022,2022.0,2022-11-17,5.29,5.3
R15_2022,2022.0,2022-09-30,4.751,4.79
Q62_2022,2022.0,2022-09-28,11.36,11.366666666666667
Q38_2022,2022.0,2022-09-27,9.873333333333331,9.966666666666669
Q17_2022,2022.0,2022-11-07,1.1393333333333333,1.14
P62_2022,2022.0,2022-11-16,13.95,14.0
P42_2022,2022.0,2022-10-26,1.685,1.7
P25_2022,2022.0,2022-10-21,2.45,2.45
P5_2022,2022.0,2022-10-25,0.0600666666666666,0.072
O54_2022,2022.0,2022-09-20,18.8,19.0
O33_2022,2022.0,2022-09-20,0.2603333333333333,0.2666666666666666
O18_2022,2022.0,2022-10-20,0.2123333333333333,0.2133333333333333
O7_2022,2022.0,2022-10-19,1.6606666666666667,1.8412210159496043
N57_2022,2022.0,2022-10-10,5.95,5.966666666666666
N44_2022,2022.0,2022-10-05,0.27325,0.2775
N18_2022,2022.0,2022-10-10,12.95,13.0
M65_2022,2022.0,2022-09-23,0.0040272331154684,0.0050330256967064
M55_2022,2022.0,2022-09-26,1.2436666666666667,1.2533333333333334
M37_2022,2022.0,2022-09-25,1.1673333333333331,1.2266666666666668
P22_2022,2022.0,2022-10-24,7.32,7.333333333333333
P3_2022,2022.0,2022-10-25,3.259259951749095,3.3118315239244067
O53_2022,2022.0,2022-09-20,0.1793666666666666,0.183
O32_2022,2022.0,2022-09-20,0.6147499999999999,0.6174999999999999
O17_2022,2022.0,2022-10-19,9.06,9.15
O6_2022,2022.0,2022-10-19,3.3433333333333333,3.366666666666667
N56_2022,2022.0,2022-10-10,4.28,4.3
N42_2022,2022.0,2022-10-04,1.207,1.2425000000000002
N16_2022,2022.0,2022-10-10,7.416666666666667,7.433333333333333
M63_2022,2022.0,2022-09-23,13.0,13.0
M52_2022,2022.0,2022-09-24,0.119,0.12
M35_2022,2022.0,2022-09-07,0.7245000000000001,0.7275
P21_2022,2022.0,2022-10-24,7.289999999999999,7.333333333333333
P1_2022,2022.0,2022-10-21,,
O52_2022,2022.0,2022-09-23,3.12,3.125
O31_2022,2022.0,2022-09-20,0.7789999999999999,0.79
O16_2022,2022.0,2022-10-19,1.5653333333333332,1.5833333333333333
N66_2022,2022.0,2022-10-11,9.315,9.325
N55_2022,2022.0,2022-10-11,0.692,0.6950000000000001
N35_2022,2022.0,2022-10-04,0.8475,0.85
N14_2022,2022.0,2022-10-11,0.246,0.25
M62_2022,2022.0,2022-09-23,1.34,1.35
M48_2022,2022.0,2022-09-24,1.011,1.0266666666666666
M33_2022,2022.0,2022-09-06,0.1052,0.1063333333333333
P19_2022,2022.0,2022-10-24,0.2050132689987935,0.2236630478488135
O66_2022,2022.0,2022-10-27,0.355,0.3566666666666667
O46_2022,2022.0,2022-09-14,1.099,1.1
O30_2022,2022.0,2022-09-15,9.106666666666667,9.133333333333333
O15_2022,2022.0,2022-10-19,2.223333333333333,3.2007337205747466
N65_2022,2022.0,2022-09-15,12.333333333333334,12.333333333333334
N53_2022,2022.0,2022-10-10,1.8266666666666669,1.8333333333333333
N34_2022,2022.0,2022-10-04,1.1233333333333333,1.1333333333333333
N13_2022,2022.0,2022-10-11,1.859,1.913333333333333
M61_2022,2022.0,2022-09-23,0.92283996783273,0.9412210159496044
M47_2022,2022.0,2022-09-24,0.4429999999999999,0.4449999999999999
M32_2022,2022.0,2022-09-06,0.0376636165577342,0.0389165128483532
P17_2022,2022.0,2022-10-24,4.74,4.75
O64_2022,2022.0,2022-10-26,1.112,1.19
O44_2022,2022.0,2022-09-16,6.6850000000000005,6.75
O29_2022,2022.0,2022-09-15,0.8183333333333334,0.8233333333333333
O13_2022,2022.0,2022-10-19,1.8866666666666667,1.9
N62_2022,2022.0,2022-10-07,0.174,0.1766666666666666
N52_2022,2022.0,2022-10-10,5.12,5.133333333333334
N33_2022,2022.0,2022-10-07,8.612499999999999,8.625
N8_2022,2022.0,2022-10-10,0.524,0.525
M60_2022,2022.0,2022-09-23,0.0315999999999999,0.034
M42_2022,2022.0,2022-09-26,0.7583333333333333,0.7600000000000001
M29_2022,2022.0,2022-09-06,2.1046299758745475,2.1309157619622034
P9_2022,2022.0,2022-10-25,0.51,0.63
O63_2022,2022.0,2022-09-20,0.5253333333333333,0.5333333333333333
O39_2022,2022.0,2022-09-16,7.77,7.866666666666667
O26_2022,2022.0,2022-09-16,1.0406666666666666,1.0533333333333337
O12_2022,2022.0,2022-10-19,6.0525,6.074999999999999
N61_2022,2022.0,2022-10-10,1.2,1.2
N47_2022,2022.0,2022-10-06,0.902,0.9412210159496044
N30_2022,2022.0,2022-10-04,2.333333333333333,2.333333333333333
N5_2022,2022.0,2022-10-11,2.5625000000000004,2.575
M59_2022,2022.0,2022-09-23,0.9696666666666666,0.98
M41_2022,2022.0,2022-09-24,1.3716666666666668,1.3766666666666667
M26_2022,2022.0,2022-09-06,0.328,0.3634157619622034
P8_2022,2022.0,2022-10-24,4.59,4.6
O62_2022,2022.0,2022-09-20,1.233,1.2333333333333334
O35_2022,2022.0,2022-09-15,4.330000000000001,4.366666666666667
O25_2022,2022.0,2022-09-16,0.2456666666666666,0.2466666666666666
O9_2022,2022.0,2022-10-19,3.526666666666667,3.533333333333333
N60_2022,2022.0,2022-10-11,1.7633333333333334,1.7666666666666668
N46_2022,2022.0,2022-10-05,3.43,3.4333333333333336
N28_2022,2022.0,2022-10-04,3.845,3.925
N2_2022,2022.0,2022-10-10,0.115,0.116
M58_2022,2022.0,2022-09-23,0.286,0.29
M39_2022,2022.0,2022-09-26,0.2185199034981904,0.2236630478488135
M25_2022,2022.0,2022-09-06,0.66775,0.6775
P7_2022,2022.0,2022-10-25,0.3190136165577342,0.3475165128483531
O56_2022,2022.0,2022-09-20,0.5416666666666666,0.5433333333333333
O34_2022,2022.0,2022-09-15,7.303333333333334,7.333333333333333
O19_2022,2022.0,2022-10-20,0.256,0.26
O8_2022,2022.0,2022-10-19,0.2185199034981904,0.2236630478488135
N59_2022,2022.0,2022-10-10,10.7675,10.775
N45_2022,2022.0,2022-10-06,0.8665,0.8675
N22_2022,2022.0,2022-10-06,0.7763333333333332,0.7833333333333332
N1_2022,2022.0,2022-10-04,3.4766666666666666,3.5
M57_2022,2022.0,2022-09-23,1.2999999999999998,1.2999999999999998
M38_2022,2022.0,2022-09-26,0.1567,0.1622582564241766
M23_2022,2022.0,2022-09-06,8.2175,8.55
M3_2022,2022.0,2022-09-05,3.4599999999999995,3.475
L54_2022,2022.0,2022-10-17,2.135,2.15
L35_2022,2022.0,2022-10-12,5.455,5.4750000000000005
L22_2022,2022.0,2022-09-22,0.9433333333333334,0.9933333333333332
L7_2022,2022.0,2022-09-21,4.233333333333333,4.233333333333333
K58_2022,2022.0,2022-09-14,0.209,0.21
K43_2022,2022.0,2022-09-24,4.556666666666668,4.566666666666666
K22_2022,2022.0,2022-05-20,1.198,1.22
K11_2022,2022.0,2022-05-19,2.6100000000000003,2.625
J60_2022,2022.0,2022-05-06,4.335,4.35
J44_2022,2022.0,2022-05-05,5.383333333333333,5.433333333333334
M22_2022,2022.0,2022-09-06,1.515,1.525
M2_2022,2022.0,2022-09-05,1.19,1.2
L53_2022,2022.0,2022-10-17,1.235,1.25
L33_2022,2022.0,2022-10-12,1.1949999999999998,1.2000000000000002
L21_2022,2022.0,2022-09-22,0.517,0.52
L6_2022,2022.0,2022-09-21,1.25,1.25
K57_2022,2022.0,2022-09-14,0.194,0.2318315239244067
K42_2022,2022.0,2022-09-09,0.523,0.5266666666666667
K21_2022,2022.0,2022-05-20,2.25,2.266666666666667
K10_2022,2022.0,2022-05-19,3.963333333333333,4.0
J59_2022,2022.0,2022-05-05,,
J41_2022,2022.0,2022-05-03,5.435,5.449999999999999
M16_2022,2022.0,2022-09-04,1.5816666666666668,1.59
L66_2022,2022.0,2022-09-09,4.283333333333334,4.3
L51_2022,2022.0,2022-10-17,4.966666666666667,4.966666666666667
L32_2022,2022.0,2022-10-14,20.566666666666663,20.666666666666668
L18_2022,2022.0,2022-09-22,4.703333333333333,4.733333333333333
L5_2022,2022.0,2022-09-21,0.8705,0.9118315239244068
K56_2022,2022.0,2022-09-14,0.4095068082788671,0.4587582564241765
K40_2022,2022.0,2022-09-14,0.4706666666666666,0.4833333333333333
K18_2022,2022.0,2022-05-20,8.040000000000001,8.1
K9_2022,2022.0,2022-05-18,8.265,8.3
J57_2022,2022.0,2022-05-11,0.6706666666666666,0.6733333333333332
J40_2022,2022.0,2022-09-13,,
M11_2022,2022.0,2022-09-04,3.06,3.0666666666666664
L64_2022,2022.0,2022-09-24,3.7,3.7
L50_2022,2022.0,2022-10-17,0.2185199034981904,0.2236630478488135
L31_2022,2022.0,2022-10-13,8.353333333333333,8.366666666666667
L17_2022,2022.0,2022-09-22,,
L4_2022,2022.0,2022-09-21,0.0176757443718228,0.0186776752322354
K54_2022,2022.0,2022-09-14,2.225,2.225
K39_2022,2022.0,2022-09-14,2.6566666666666667,2.6666666666666665
K17_2022,2022.0,2022-05-18,10.57,10.6
K8_2022,2022.0,2022-05-18,6.125,6.15
J56_2022,2022.0,2022-05-11,12.0,12.0
J39_2022,2022.0,2022-09-15,0.14175,0.143
M10_2022,2022.0,2022-09-04,3.686666666666667,3.7
L62_2022,2022.0,2022-09-09,0.109,0.11
L43_2022,2022.0,2022-10-17,0.0744666666666666,0.076
L27_2022,2022.0,2022-09-21,0.07025,0.07125
L16_2022,2022.0,2022-09-22,2.0766666666666667,2.1
L2_2022,2022.0,2022-09-21,3.3666666666666667,3.3666666666666667
K48_2022,2022.0,2022-09-09,,
K35_2022,2022.0,2022-05-05,5.0675,5.1000000000000005
K16_2022,2022.0,2022-05-19,1.05,1.1
K7_2022,2022.0,2022-05-18,2.24,2.25
J55_2022,2022.0,2022-05-10,12.333333333333334,12.333333333333334
J38_2022,2022.0,2022-09-13,1.25875,1.3175
M7_2022,2022.0,2022-09-05,6.7525,6.775
L58_2022,2022.0,2022-10-18,3.89,3.9
L41_2022,2022.0,2022-10-14,2.74,2.75
L26_2022,2022.0,2022-09-22,6.7,6.8
L15_2022,2022.0,2022-09-22,1.2996666666666667,1.3
K65_2022,2022.0,2022-05-11,2.4575,2.475
K47_2022,2022.0,2022-09-09,1.262,1.2733333333333332
K32_2022,2022.0,2022-05-24,9.29,6.800000000000001
K15_2022,2022.0,2022-05-19,0.5802599517490952,0.5868315239244067
K6_2022,2022.0,2022-05-18,6.6575,6.675000000000001
J53_2022,2022.0,2022-05-11,0.8545,0.8699999999999999
J37_2022,2022.0,2022-09-15,8.783333333333333,8.8
M6_2022,2022.0,2022-09-05,5.164999999999999,5.2
L57_2022,2022.0,2022-10-18,5.140000000000001,5.15
L39_2022,2022.0,2022-10-14,1.0315,1.035
L25_2022,2022.0,2022-09-22,11.195,11.35
L10_2022,2022.0,2022-09-21,2.563333333333333,2.566666666666667
K63_2022,2022.0,2022-05-03,8.2675,8.3
K46_2022,2022.0,2022-09-14,0.1689999999999999,0.1699999999999999
K31_2022,2022.0,2022-05-24,5.9825,6.0
K14_2022,2022.0,2022-05-19,0.22,0.221
K1_2022,2022.0,2022-05-18,1.89,1.9
J52_2022,2022.0,2022-05-10,5.465,5.475
J36_2022,2022.0,2022-09-15,2.5866666666666664,2.6
M5_2022,2022.0,2022-09-05,1.2416666666666665,1.2533333333333334
L56_2022,2022.0,2022-10-18,9.945,9.95
L36_2022,2022.0,2022-10-14,0.6034999999999999,0.615
L24_2022,2022.0,2022-09-22,13.0,13.0
L9_2022,2022.0,2022-09-21,0.6705000000000001,0.6825
K61_2022,2022.0,2022-05-05,9.936666666666667,10.0
K45_2022,2022.0,2022-09-14,0.913,0.9225
K30_2022,2022.0,2022-05-24,0.179,0.18
K12_2022,2022.0,2022-05-19,6.73,6.75
J65_2022,2022.0,2022-05-09,2.4392599517490954,2.461831523924406
J45_2022,2022.0,2022-05-10,,
J35_2022,2022.0,2022-09-15,6.135,6.15
J24_2022,2022.0,2022-09-15,0.0039848220769789,0.0050330256967064
J13_2022,2022.0,2022-09-13,2.84,2.85
I42_2022,2022.0,2022-09-05,1.099,1.145
I22_2022,2022.0,2022-09-08,0.2293333333333333,0.2333333333333333
I8_2022,2022.0,2022-09-07,2.6375,2.6500000000000004
H62_2022,2022.0,2022-05-16,5.94,5.95
H42_2022,2022.0,2022-05-12,3.37,3.4
H1_2022,2022.0,2022-05-25,,
G43_2022,2022.0,2022-04-22,3.7000000000000006,3.7000000000000006
G25_2022,2022.0,2022-04-28,12.333333333333334,12.333333333333334
G16_2022,2022.0,2022-04-29,4.926666666666667,5.033333333333333
J34_2022,2022.0,2022-09-13,0.8227500000000001,0.8274999999999999
J23_2022,2022.0,2022-09-13,0.9856666666666666,0.9866666666666668
J10_2022,2022.0,2022-09-13,0.13615,0.1425
I38_2022,2022.0,2022-09-01,0.1295,0.1305
I18_2022,2022.0,2022-09-08,0.435,0.4475
I6_2022,2022.0,2022-09-07,8.8275,8.875
H61_2022,2022.0,2022-05-12,8.69,8.700000000000001
H41_2022,2022.0,2022-05-12,4.16,4.2
G66_2022,2022.0,2022-03-17,9.15,9.2
G42_2022,2022.0,2022-03-07,0.959,0.96
G24_2022,2022.0,2022-03-28,1.346666666666667,1.366666666666667
G12_2022,2022.0,2022-04-28,10.1475,10.15
J32_2022,2022.0,2022-09-15,4.217500000000001,4.3
J21_2022,2022.0,2022-09-13,0.79525,0.8
J6_2022,2022.0,2022-09-12,0.0108666666666666,0.0118666666666666
I34_2022,2022.0,2022-09-09,1.7966666666666669,1.8
I14_2022,2022.0,2022-09-07,3.2675,3.2749999999999995
I4_2022,2022.0,2022-09-07,3.9375,3.975
H59_2022,2022.0,2022-05-13,4.746666666666666,4.766666666666667
H32_2022,2022.0,2022-05-31,4.715,4.75
G62_2022,2022.0,2022-04-25,5.375,5.375
G41_2022,2022.0,2022-04-27,9.47,9.533333333333331
G23_2022,2022.0,2022-04-29,7.396666666666667,7.433333333333334
G5_2022,2022.0,2022-04-27,2.7063333333333333,2.733333333333334
J31_2022,2022.0,2022-09-15,2.3600000000000003,2.375
J19_2022,2022.0,2022-09-13,0.21375,0.215
I66_2022,2022.0,2022-09-02,5.1775,5.2250000000000005
I33_2022,2022.0,2022-09-09,1.03925,1.045
I13_2022,2022.0,2022-09-07,0.3067599517490952,0.3752472858866101
I3_2022,2022.0,2022-09-07,0.9905,0.9925
H58_2022,2022.0,2022-05-13,5.725,5.75
H21_2022,2022.0,2022-05-27,,
G61_2022,2022.0,2022-04-22,0.0289999999999999,0.03
G40_2022,2022.0,2022-04-26,2.1566666666666667,2.1666666666666665
G22_2022,2022.0,2022-04-29,12.3825,12.475
G3_2022,2022.0,2022-04-27,1.1961733011660636,1.2078876826162712
J29_2022,2022.0,2022-09-02,0.4666666666666666,0.4766666666666666
J17_2022,2022.0,2022-09-13,0.8514999999999999,0.86
I56_2022,2022.0,2022-09-01,8.323333333333332,8.433333333333332
I32_2022,2022.0,2022-09-08,6.973333333333333,7.0
I12_2022,2022.0,2022-09-07,1.2086666666666666,1.2333333333333334
I2_2022,2022.0,2022-09-07,0.6245,0.63
H57_2022,2022.0,2022-05-13,6.777500000000001,6.800000000000001
H11_2022,2022.0,2022-05-24,6.6866666666666665,6.7
G58_2022,2022.0,2022-04-26,10.056666666666668,10.1
G39_2022,2022.0,2022-04-25,0.0040272331154684,0.0050330256967064
G21_2022,2022.0,2022-04-27,11.933333333333332,12.0
G2_2022,2022.0,2022-04-26,2.3266666666666667,2.333333333333333
J28_2022,2022.0,2022-09-12,2.5466666666666664,2.566666666666667
J16_2022,2022.0,2022-09-13,0.2378899276236428,0.2427472858866101
I54_2022,2022.0,2022-09-02,0.5903333333333333,0.5933333333333334
I31_2022,2022.0,2022-09-08,3.78,3.8
I11_2022,2022.0,2022-09-07,4.803333333333334,4.866666666666666
I1_2022,2022.0,2022-09-07,0.37225,0.375
H54_2022,2022.0,2022-05-13,0.2897599517490952,0.2943315239244067
H7_2022,2022.0,2022-05-26,1.1133333333333333,1.1166666666666667
G52_2022,2022.0,2022-04-26,0.4653333333333334,0.4666666666666667
G37_2022,2022.0,2022-04-22,2.54,2.6
G20_2022,2022.0,2022-04-28,2.3328399678327303,2.3412210159496043
F65_2022,2022.0,2022-04-06,0.7565000000000001,0.7575
J27_2022,2022.0,2022-09-15,1.1975,1.2000000000000002
J15_2022,2022.0,2022-09-13,0.129,0.13
I46_2022,2022.0,2022-09-02,11.333333333333334,11.333333333333334
I30_2022,2022.0,2022-09-08,0.07895,0.0809999999999999
I10_2022,2022.0,2022-09-07,3.265,3.2750000000000004
H66_2022,2022.0,2022-05-17,10.59,10.65
H50_2022,2022.0,2022-05-12,11.8325,11.925
H3_2022,2022.0,2022-05-25,2.973333333333333,3.0
G47_2022,2022.0,2022-04-27,2.723333333333333,2.733333333333333
G31_2022,2022.0,2022-05-03,6.3566666666666665,6.366666666666667
G19_2022,2022.0,2022-04-29,2.433333333333333,2.433333333333333
F61_2022,2022.0,2022-04-07,6.9,6.9
J26_2022,2022.0,2022-09-15,0.685,0.7000000000000001
J14_2022,2022.0,2022-09-12,0.768,0.78
I45_2022,2022.0,2022-09-01,,
I27_2022,2022.0,2022-09-08,0.09185,0.094
I9_2022,2022.0,2022-09-07,3.32,3.325
H64_2022,2022.0,2022-05-17,8.51,8.566666666666666
H43_2022,2022.0,2022-05-12,2.063333333333333,2.1
H2_2022,2022.0,2022-05-25,1.9366666666666668,1.9666666666666668
G46_2022,2022.0,2022-04-26,3.893333333333333,3.9333333333333336
G27_2022,2022.0,2022-04-29,3.09,3.1
G17_2022,2022.0,2022-04-29,2.8975,2.9
F55_2022,2022.0,2022-04-06,4.57,4.6
